metric,mean,median,std,bootstrap_low95,bootstrap_high95,wilcoxon_p,win_count,n
Delta MSE,-2.0828548321456584,-2.0769363924225246,2.4006265898413948,-3.1369533335937336,-1.033594331200024,0.0014324188232421875,17,20
Delta MAE,0.2563013308743688,0.2580751546909541,0.11323703070609736,0.20766144700481168,0.3052768071415712,1.9073486328125e-06,0,20
Delta SSIM,-0.018202061471480662,-0.02089741375958093,0.008678605403029283,-0.021831636711167248,-0.014410594554366496,1.9073486328125e-06,0,20
Delta smooth5 MSE,-2.4596150082228254,-2.6682052577176165,2.216984959386373,-3.4271899296752064,-1.5040771955658918,0.0003223419189453125,17,20
Delta smooth5 SSIM,0.00039868927793765274,0.00021056874050423557,0.0013192543086738915,-0.00019369855840981458,0.0009608777651974299,0.20244979858398438,12,20
Delta smooth9 MSE,-2.005086948961966,-2.1925840225252893,1.8390382503973843,-2.815181328803054,-1.2062108123590234,0.0003223419189453125,16,20
Delta smooth9 SSIM,0.0012157997267517096,0.0011631289280968349,0.001310823298593851,0.0006330284313462754,0.001774382190990949,0.0010166168212890625,16,20
Delta inner32 MSE,-4.399117581832592,-4.6591544867256545,4.369359706279702,-6.311593959713773,-2.501134492884325,0.0005855560302734375,17,20
Delta border32 MSE,0.8951972745946909,1.0278142676196627,0.4667256920879024,0.6895462841778918,1.0902267157631895,3.814697265625e-06,1,20
Delta p95 |err|,-0.2689105538811418,-0.28133529725892004,0.3738481374035443,-0.42772335012086843,-0.10389777150576267,0.006389617919921875,15,20
Delta p99 |err|,-0.7692050160592873,-0.505002900084996,0.6822669033476019,-1.0684166256237655,-0.47674505283784857,4.76837158203125e-05,18,20
Delta max |err|,-1.080685904249549,-0.851148534566164,1.4265407173152231,-1.7145278870593756,-0.4459354919847102,0.0072956085205078125,13,20
