split,sample,method,improved_pixel_fraction,worsened_pixel_fraction,unchanged_pixel_fraction,top10_c4_error_mse_before,top10_c4_error_mse_after,top10_c4_error_mse_gain_frac,bottom90_c4_error_mae_before,bottom90_c4_error_mae_after,bottom90_c4_error_mae_gain_frac
dev_test1_10,1,C4+TExact,0.57806396484375,0.42193603515625,0.0,615.5603672310076,602.8829067415247,0.020594991432782227,1.668262132737815,1.6381887298815154,0.018026785039438414
dev_test1_10,1,C4+TGRA,0.5826873779296875,0.41729736328125,1.52587890625e-05,615.5603672310076,602.2875894964436,0.02156210575133239,1.668262132737815,1.6393913925287864,0.017305877561129075
dev_test1_10,2,C4+TExact,0.576812744140625,0.423187255859375,0.0,354.15779449189677,351.2126173565666,0.008316002587365128,0.9562492748301191,0.9252389622544684,0.03242910963896915
dev_test1_10,2,C4+TGRA,0.5820159912109375,0.4179840087890625,0.0,354.15779449189677,351.1652837461503,0.008449653776616066,0.9562492748301191,0.9233890972864105,0.034363610418994925
dev_test1_10,3,C4+TExact,0.55755615234375,0.44244384765625,0.0,1600.4321097235122,1592.143129124298,0.005179214131517422,1.5415907639872148,1.5331899040539025,0.0054494747435980175
dev_test1_10,3,C4+TGRA,0.548370361328125,0.451629638671875,0.0,1600.4321097235122,1596.3893748592714,0.0025260270896084883,1.5415907639872148,1.5348060997389508,0.004401079979693197
dev_test1_10,4,C4+TExact,0.5352325439453125,0.4647674560546875,0.0,2421.9264618849415,2406.8661984244986,0.006218299233050116,3.9447166985940756,3.9436470397072756,0.0002711624100106427
dev_test1_10,4,C4+TGRA,0.543609619140625,0.456390380859375,0.0,2421.9264618849415,2410.939027520542,0.004536650694112451,3.9447166985940756,3.9351833975124837,0.0024167264242295596
dev_test1_10,5,C4+TExact,0.56036376953125,0.43963623046875,0.0,1281.5301315756985,1272.8114195005558,0.006803360966958092,1.5764165339462954,1.5509938726656542,0.016126867952215525
dev_test1_10,5,C4+TGRA,0.55352783203125,0.44647216796875,0.0,1281.5301315756985,1275.937326235941,0.004364162185465611,1.5764165339462954,1.5539825265460052,0.01423101503771369
dev_test1_10,6,C4+TExact,0.556121826171875,0.443878173828125,0.0,737.3641551362506,731.8982470647115,0.007412766180001052,1.2961270369327802,1.27603472459087,0.015501807901066214
dev_test1_10,6,C4+TGRA,0.5536346435546875,0.44635009765625,1.52587890625e-05,737.3641551362506,734.4688770349197,0.003926524067061367,1.2961270369327802,1.277563866322156,0.01432203023443828
dev_test1_10,7,C4+TExact,0.591278076171875,0.408721923828125,0.0,886.0796544651777,883.7847756116961,0.0025899238763886605,2.7370647858586596,2.696279132102842,0.014901237985502217
dev_test1_10,7,C4+TGRA,0.5198822021484375,0.4801177978515625,0.0,886.0796544651777,885.1373449244848,0.0010634591776759387,2.7370647858586596,2.7512184084084774,-0.005171095190345511
dev_test1_10,8,C4+TExact,0.56268310546875,0.4373016357421875,1.52587890625e-05,653.0067425557947,648.4194217245562,0.007024921080116746,1.1296852784781863,1.1033721791023234,0.02329241592960264
dev_test1_10,8,C4+TGRA,0.5738525390625,0.4261474609375,0.0,653.0067425557947,650.9464896093787,0.003155025533660629,1.1296852784781863,1.096514036891001,0.02936325914760157
dev_test1_10,9,C4+TExact,0.6053009033203125,0.3946990966796875,0.0,781.4771275944029,779.5505181195347,0.0024653433950124985,2.1861730134676693,2.1375502195347633,0.022241054863165383
dev_test1_10,9,C4+TGRA,0.5240325927734375,0.4759674072265625,0.0,781.4771275944029,781.4033751172288,9.437573355608684e-05,2.1861730134676693,2.1910539791894332,-0.0022326529930134778
dev_test1_10,10,C4+TExact,0.584228515625,0.415771484375,0.0,1762.6041745668997,1754.3727228425928,0.004670051190778275,2.300343423348603,2.272126317676383,0.01226647525139723
dev_test1_10,10,C4+TGRA,0.578369140625,0.421630859375,0.0,1762.6041745668997,1753.90189818953,0.004937169957349096,2.300343423348603,2.2706550435547,0.012906064152232482
