group,method,quantile,value_mean,value_median,value_std
dev_test1_10,C4-only,p50,0.7180903407279402,0.7282870658673346,0.10722388838042635
dev_test1_10,C4-only,p75,4.108003415109124,3.091714885085821,2.755991109452954
dev_test1_10,C4-only,p90,12.766653689555824,11.846925560384989,6.07755383249065
dev_test1_10,C4-only,p95,22.60597592871636,19.300570299383253,9.960813918653578
dev_test1_10,C4-only,p99,51.70612375490314,50.09893739875415,12.410379624059154
dev_test1_10,C4-only,max,85.266965970397,88.94182469695807,12.240259595902787
dev_test1_10,C4+TExact,p50,0.7249023588374257,0.7268675672821701,0.10734802849408479
dev_test1_10,C4+TExact,p75,4.064291914313799,3.13606433570385,2.7298301869540973
dev_test1_10,C4+TExact,p90,12.70906990376534,11.766631066857371,6.093636931554126
dev_test1_10,C4+TExact,p95,22.502926541143097,19.148499091388658,9.931486015757265
dev_test1_10,C4+TExact,p99,51.399594478891274,50.024857624201175,12.48158412828528
dev_test1_10,C4+TExact,max,84.5224126726389,88.43963569030166,12.747659424959744
dev_test1_10,C4+TGRA,p50,0.7170227288734168,0.7076109759509563,0.11780562913038232
dev_test1_10,C4+TGRA,p75,4.13883014061139,3.163024988316465,2.7900063027700956
dev_test1_10,C4+TGRA,p90,12.838489023968577,11.944274716079235,6.037448819906564
dev_test1_10,C4+TGRA,p95,22.61579574512143,19.291869880398735,9.887451065478125
dev_test1_10,C4+TGRA,p99,51.427470777777515,49.90341795468706,12.536498313936075
dev_test1_10,C4+TGRA,max,84.59432380273938,88.59173644334078,12.777962320346264
combined,C4-only,p50,0.7180903407279402,0.7282870658673346,0.10722388838042635
combined,C4-only,p75,4.108003415109124,3.091714885085821,2.755991109452954
combined,C4-only,p90,12.766653689555824,11.846925560384989,6.07755383249065
combined,C4-only,p95,22.60597592871636,19.300570299383253,9.960813918653578
combined,C4-only,p99,51.70612375490314,50.09893739875415,12.410379624059154
combined,C4-only,max,85.266965970397,88.94182469695807,12.240259595902787
combined,C4+TExact,p50,0.7249023588374257,0.7268675672821701,0.10734802849408479
combined,C4+TExact,p75,4.064291914313799,3.13606433570385,2.7298301869540973
combined,C4+TExact,p90,12.70906990376534,11.766631066857371,6.093636931554126
combined,C4+TExact,p95,22.502926541143097,19.148499091388658,9.931486015757265
combined,C4+TExact,p99,51.399594478891274,50.024857624201175,12.48158412828528
combined,C4+TExact,max,84.5224126726389,88.43963569030166,12.747659424959744
combined,C4+TGRA,p50,0.7170227288734168,0.7076109759509563,0.11780562913038232
combined,C4+TGRA,p75,4.13883014061139,3.163024988316465,2.7900063027700956
combined,C4+TGRA,p90,12.838489023968577,11.944274716079235,6.037448819906564
combined,C4+TGRA,p95,22.61579574512143,19.291869880398735,9.887451065478125
combined,C4+TGRA,p99,51.427470777777515,49.90341795468706,12.536498313936075
combined,C4+TGRA,max,84.59432380273938,88.59173644334078,12.777962320346264
