split,sample,method,raw_mse,raw_mae,raw_psnr,raw_ssim,smooth5_mse,smooth5_mae,smooth5_psnr,smooth5_ssim,smooth9_mse,smooth9_mae,smooth9_psnr,smooth9_ssim,p50,p75,p90,p95,p99,max,full_mse,full_mae,inner_crop32_mse,inner_crop32_mae,border32_mse,border32_mae,delta_mse_vs_c4,delta_mae_vs_c4,delta_smooth5_mse_vs_c4,delta_smooth9_mse_vs_c4,delta_inner32_mse_vs_c4,delta_border32_mse_vs_c4,delta_p95_vs_c4,delta_p99_vs_c4,delta_max_vs_c4,delta_ssim_vs_c4,delta_smooth5_ssim_vs_c4,delta_smooth9_ssim_vs_c4,improved_pixel_fraction,worsened_pixel_fraction,unchanged_pixel_fraction,top10_c4_error_mse_before,top10_c4_error_mse_after,top10_c4_error_mse_gain_frac,bottom90_c4_error_mae_before,bottom90_c4_error_mae_after,bottom90_c4_error_mae_gain_frac
dev_test1_10,1,C4-only,69.1333825743614,3.7882635947448695,27.838199154469173,0.82163857293515,36.212128600918795,2.8783393240419346,30.646536680908866,0.8872218081602773,22.719451491003827,2.389742472582798,32.67109879989158,0.9356372057593141,0.7229369785636663,3.4983593225479126,11.328412033617496,20.486025451682508,36.27080842247238,70.62300816178322,69.1333825743614,3.7882635947448695,120.04103512738736,6.270763995797008,3.6806864347565984,0.596477364820693,,,,,,,,,,,,,,,,,,,,,
dev_test1_10,1,C4+TExact,67.41200476671781,3.758985641201542,27.947704792899305,0.8230630280550681,35.13514653934337,2.8489302897215256,30.777659529078175,0.8884095556475932,21.85716423637058,2.353423573416024,32.83913906509915,0.9365585926294682,0.7097166450694203,3.505006432533264,11.351562485215254,20.26306193554774,35.85953439585866,68.35302773863077,67.41200476671781,3.758985641201542,117.10514271309229,6.230905832468665,3.5208274070935053,0.5808025381438123,-1.7213778076435915,-0.029277953543327406,-1.0769820615754284,-0.8622872546332481,-2.9358924142950684,-0.15985902766309312,-0.22296351613476872,-0.41127402661371804,-2.2699804231524467,0.0014244551199181776,0.001187747487315871,0.0009213868701540839,0.52655029296875,0.47344970703125,0.0,615.5603672310076,597.3857390347098,0.029525338478260475,1.668262132737815,1.6698626582190084,-0.0009593968776157617
dev_test1_10,1,C4+TGRA,67.31921966557445,3.7581201879469552,27.95368648926843,0.8232523865341432,35.08160767308903,2.8485536098089326,30.7842823469365,0.8885189925404451,21.81475770889525,2.3523863334427424,32.84757328363006,0.9366276610261232,0.7083128020167351,3.516357481130399,11.34466476738453,20.24407998425886,35.74509315984324,68.47949236631393,67.31921966557445,3.7581201879469552,116.95189804138201,6.233466243409713,3.5057760395361264,0.5755324023519813,-1.8141629087869546,-0.030143406797914274,-1.1305209278297639,-0.904693782108577,-3.0891370860053513,-0.17491039522047203,-0.24194546742364764,-0.5257152626291344,-2.143515795469284,0.0016138135989932634,0.001297184380167793,0.000990455266809076,0.532379150390625,0.467620849609375,0.0,615.5603672310076,596.211638798878,0.031432706623343146,1.668262132737815,1.671484343511488,-0.0019314775001125076
dev_test1_10,2,C4-only,37.81588753418684,2.5225501493524445,30.458334244221803,0.8891886821368705,19.954465911944972,1.8524415599043391,33.234676138751674,0.932419459962113,11.867923007768821,1.496295361231754,35.491330019093745,0.9607781685033543,0.5697405291721225,1.4217730285599828,7.102390052750707,13.80029040388763,29.689164741750574,57.139043137431145,37.81588753418684,2.5225501493524445,66.84901868719506,4.08876288955066,0.48757605174770696,0.5088480548118822,,,,,,,,,,,,,,,,,,,,,
dev_test1_10,2,C4+TExact,37.17501063414163,2.516166688951681,30.532566206848774,0.8894207989835108,19.241188251090772,1.8278767342757063,33.39275833466004,0.9333437619785971,11.30072272525513,1.4694323660426751,35.70401502915413,0.961557632740833,0.5745849618688226,1.3988042622804642,7.125915735960007,13.797668102197349,29.256787044228997,55.13366870582104,37.17501063414163,2.516166688951681,65.73932852328956,4.085513576651828,0.44945906237999694,0.498434976194351,-0.6408769000452139,-0.006383460400763319,-0.7132776608541995,-0.5672002825136921,-1.1096901639054977,-0.03811698936771002,-0.0026223016902804375,-0.4323776975215772,-2.0053744316101074,0.00023211684664026233,0.0009243020164841909,0.0007794642374786553,0.51837158203125,0.48162841796875,0.0,354.15779449189677,347.11763310375596,0.01987860071875923,0.9562492748301191,0.9625542069866267,-0.006593398104932124
dev_test1_10,2,C4+TGRA,37.16716185252955,2.511636357229907,30.533483232123242,0.8894936036162281,19.22288755368191,1.8257530584462187,33.39689096612619,0.9333352002160341,11.277917918587717,1.4661789185561396,35.71278792670856,0.9615650165704054,0.5654297210276127,1.387207331135869,7.134276553988457,13.785095373168588,29.269213709048934,55.03210477530956,37.16716185252955,2.511636357229907,65.73458326152594,4.083114849832023,0.43762004096277335,0.491164009598616,-0.6487256816572895,-0.010913792122537291,-0.7315783582630608,-0.5900050891811048,-1.1144354256691145,-0.04995601078493361,-0.015195030719041824,-0.4199510327016398,-2.106938362121582,0.0003049214793575672,0.0009157402539211601,0.0007868480670510936,0.5244903564453125,0.4755096435546875,0.0,354.15779449189677,347.0391659953329,0.020100160457506882,0.9562492748301191,0.9581135632589373,-0.0019495841491219289
dev_test1_10,3,C4-only,167.87339731945406,4.920817647314771,23.98525842606828,0.8601489020804094,95.6616543364838,3.720151078607589,26.427698349860414,0.8963378778572487,55.13983235947915,2.9546933712959564,28.82042280716506,0.9252790571015866,0.6291290279477835,2.6850704476237297,13.391944859176874,29.764001180883497,65.81987500796095,91.41344837844372,167.87339731945406,4.920817647314771,298.0685678891002,8.353683376370034,0.4796065870519271,0.5071331385294339,,,,,,,,,,,,,,,,,,,,,
dev_test1_10,3,C4+TExact,166.68213844635537,4.933293169770044,24.01618658515046,0.8597171992316084,94.45593646522337,3.70091624945759,26.482784640032705,0.8967049903010209,54.19056271255521,2.9214593792685113,28.895840613798192,0.9258616359833116,0.6301267817616463,2.7671222388744354,13.551209354773164,29.692260371521115,65.4543150216341,90.59326495975256,166.68213844635537,4.933293169770044,295.97295864252237,8.38103062913155,0.4510839084263941,0.5004878648766812,-1.1912588730986897,0.012475522455273058,-1.2057178712604326,-0.9492696469239377,-2.095609246577851,-0.028522678625532982,-0.0717408093623817,-0.3655599863268435,-0.8201834186911583,-0.00043170284880100773,0.00036711244377218843,0.0005825788817249711,0.5056610107421875,0.4943389892578125,0.0,1600.4321097235122,1584.7711416719806,0.009785462286330418,1.5415907639872148,1.5694889387737634,-0.018097004366056203
dev_test1_10,3,C4+TGRA,167.6488592838287,4.949910331536957,23.9910711936262,0.8592998762452201,95.28661849794742,3.7142798271700164,26.44475806998361,0.896208349690589,54.82242943671642,2.9328121910139333,28.84549444874068,0.9253030149478301,0.6239012256264687,2.8096924955025315,13.595885280519724,29.698944949777797,65.65785513864832,90.83178959786892,167.6488592838287,4.949910331536957,297.69587176157404,8.41238619958077,0.44555752672763127,0.4981556440520554,-0.22453803562535768,0.029092684222185916,-0.375035838536391,-0.3174029227627315,-0.37269612752618286,-0.03404906032429583,-0.06505623110570014,-0.1620198693126298,-0.5816587805747986,-0.0008490258351893099,-0.00012952816665967593,2.395784624342756e-05,0.49090576171875,0.5090789794921875,1.52587890625e-05,1600.4321097235122,1593.2560409941075,0.004483832013745624,1.5415907639872148,1.5770135224753425,-0.022978055730244036
dev_test1_10,4,C4-only,298.95833287082206,8.234526445757577,21.478970590889716,0.7960156739011824,183.19775771034833,6.3775768260090056,23.605875683909332,0.8349783470792586,101.30523190795874,4.809271123528981,26.178758470367,0.8717218293673021,0.7727854349650443,10.467961678514257,27.605160623788834,43.512842445634305,70.05819064844401,91.56470067799091,298.95833287082206,8.234526445757577,531.0220222921655,14.191616411058494,0.5907321862377648,0.575410776084969,,,,,,,,,,,,,,,,,,,,,
dev_test1_10,4,C4+TExact,297.248793503407,8.239150249823627,21.503876215655268,0.7956356125881346,182.0871921117182,6.362275105520415,23.632283232184477,0.8352378812266197,100.50836154028484,4.78426508530223,26.213055288151963,0.8721464131967669,0.7970582880079746,10.523713082075119,27.570984214544296,43.347839433699846,69.80090844864029,91.3134790211916,297.248793503407,8.239150249823627,527.9964420315865,14.197767936190322,0.5732453957476231,0.5780703673521635,-1.7095393674150614,0.004623804066049786,-1.1105655986301315,-0.796870367673904,-3.0255802605789768,-0.01748679049014168,-0.1650030119344592,-0.2572821998037256,-0.2512216567993164,-0.000380061313047797,0.000259534147361129,0.00042458382946475304,0.49755859375,0.50244140625,0.0,2421.9264618849415,2400.8975400849413,0.00868272514915,3.9447166985940756,3.971276191354604,-0.006732927809491259
dev_test1_10,4,C4+TGRA,297.84463226801194,8.232243903311916,21.495179444263137,0.7953909132845679,182.55074508001195,6.356409182445538,23.621241122512487,0.8349590882695397,100.82217900213665,4.7787366737681785,26.199516427925772,0.8718331052188888,0.7857668306678534,10.52563451230526,27.584166936576366,43.426818922162056,69.98800659086557,91.94335989654064,297.84463226801194,8.232243903311916,529.0613150677943,14.190018125131125,0.5660400968631226,0.5722484752586483,-1.1137006028101268,-0.002282542445660951,-0.647012630336377,-0.4830529058220918,-1.9607072243711627,-0.02469208937464218,-0.08602352347224951,-0.07018405757844448,0.3786592185497284,-0.0006247606166145392,-1.9258809718869507e-05,0.00011127585158665632,0.5060577392578125,0.4939422607421875,0.0,2421.9264618849415,2409.045532082274,0.005318464456035819,3.9447166985940756,3.9561766360634625,-0.0029051357410460666
dev_test1_10,5,C4-only,137.0068327636257,4.5515029982612685,24.867654954109987,0.8666984070163201,72.47851953751145,3.388878178101895,27.63298408348602,0.9026003436558491,39.024438138115755,2.609989466508012,30.32171063170712,0.9319737407892894,0.600391102489084,1.8866720842197537,12.682008082047105,25.37946244701743,58.092544020852095,88.41516494750977,137.0068327636257,4.5515029982612685,243.1932736191732,7.690243074820409,0.48140880649325274,0.5159800426852306,,,,,,,,,,,,,,,,,,,,,
dev_test1_10,5,C4+TExact,135.5033491545691,4.53760760207746,24.91557692573608,0.8671965689481933,71.60070173742466,3.374009322853618,27.685904433902753,0.9034967511555357,38.41627040240464,2.595455282318698,30.38992522498855,0.9327242323620243,0.6320800958201289,1.8962402277975343,12.538819909095764,25.113831734051928,57.7755065914244,88.01000893115997,135.5033491545691,4.53760760207746,240.54131439375112,7.669198450725917,0.4545367041921749,0.5112765109580147,-1.503483609056616,-0.013895396183808195,-0.8778178000867882,-0.6081677357111133,-2.6519592254220754,-0.026872102301077838,-0.26563071296550333,-0.31703742942769253,-0.4051560163497925,0.0004981619318732422,0.0008964074996866689,0.0007504915727348793,0.508209228515625,0.491790771484375,0.0,1281.5301315756985,1267.5652487530874,0.010897038219023901,1.5764165339462954,1.5843311609940405,-0.005020644529737385
dev_test1_10,5,C4+TGRA,136.55760243454537,4.562636816372158,24.881918389212604,0.8664061204782558,72.45942254534556,3.382684480895277,27.634128534448603,0.9026908961583241,39.05372153301384,2.5944979154012078,30.318452968497457,0.932041186317367,0.6007691263221204,1.843017681967467,12.786623314023018,25.309691466391087,57.96895839308859,88.11193943023682,136.55760243454537,4.562636816372158,242.4274555499804,7.719954333648577,0.4392198575574889,0.503228579873906,-0.44923032908033633,0.011133818110889315,-0.019096992165884785,0.029283394898087067,-0.7658180691927896,-0.04218894893576386,-0.06977098062634468,-0.12358562776350368,-0.3032255172729492,-0.00029228653806423477,9.055250247502755e-05,6.744552807758097e-05,0.49169921875,0.50830078125,0.0,1281.5301315756985,1273.8125443993918,0.006022165992162557,1.5764165339462954,1.5969379792425573,-0.013017781058721749
dev_test1_10,6,C4-only,77.80243571454507,3.2843563460626655,27.325145287101485,0.8773581321433588,40.03343225300269,2.603488158662555,30.210848963171873,0.9151154850958501,24.122412132802708,2.217707323943543,32.41086988975582,0.9441382017702322,0.7336371531710029,2.323855310678482,7.835283949971199,14.196598753333092,48.05673981830489,89.46848444640636,77.80243571454507,3.2843563460626655,137.80619604521547,5.364804639236084,0.654743860825946,0.6094942548396988,,,,,,,,,,,,,,,,,,,,,
dev_test1_10,6,C4+TExact,76.76299520423319,3.269973526950577,27.38355810043744,0.8782222170125313,39.150998108681314,2.5741484186726487,30.30764883749037,0.9160275361366946,23.382173073973764,2.184484952929233,32.54622851291706,0.9450035392558974,0.7503662351518869,2.2776753082871437,7.763121873140335,14.05270379036665,47.664379526861104,89.42895613610744,76.76299520423319,3.269973526950577,135.98605179773926,5.345413965405783,0.6190652982968309,0.6015501060795981,-1.0394405103118771,-0.014382819112088274,-0.8824341443213726,-0.7402390588289443,-1.8201442474762075,-0.035678562529115165,-0.1438949629664421,-0.3923602914437865,-0.03952831029891968,0.0008640848691725544,0.0009120510408445748,0.0008653374856651963,0.519287109375,0.480712890625,0.0,737.3641551362506,727.0218970206381,0.014025984370912948,1.2961270369327802,1.2990555836112205,-0.002259459601560812
dev_test1_10,6,C4+TGRA,77.47854648088484,3.2913200080597456,27.343262574734734,0.8775448390042759,39.730154572906294,2.588256139722458,30.243874674002264,0.9154277818435123,23.870631268816634,2.193024203758323,32.45643817853873,0.9444222854094844,0.7177126128226519,2.3409435153007507,7.962281629443169,14.228088520467281,47.665293695405154,89.07153345644474,77.47854648088484,3.2913200080597456,137.27730775179373,5.395955971278785,0.594424846859125,0.5853594839209803,-0.3238892336602248,0.006963661997080095,-0.303277680096393,-0.2517808639860739,-0.528888293421744,-0.060319013966821045,0.031489767134189606,-0.3914461228997368,-0.39695098996162415,0.00018670686091715183,0.0003122967476621996,0.00028408363925214175,0.5086212158203125,0.4913787841796875,0.0,737.3641551362506,732.1462716431632,0.0070763997093446895,1.2961270369327802,1.3062018977010745,-0.007773050388745836
dev_test1_10,7,C4-only,106.41474084066482,4.9662109263093015,25.965059304087056,0.8538849863299615,62.846479332809416,4.073120705028689,28.252267686362345,0.8974608625051774,42.26531428468091,3.515649589679036,29.975236193760793,0.9290322253906693,0.9238319215364754,7.271122708916664,12.365439087152481,18.115115147083998,50.988439620472604,84.78152196854353,106.41474084066482,4.9662109263093015,188.28902240599493,8.337365039240158,1.1478073995260758,0.6318699239696305,,,,,,,,,,,,,,,,,,,,,
dev_test1_10,7,C4+TExact,105.26615683876041,4.901416448968446,26.012189545406173,0.8552146498351654,61.577901520286716,4.006430595803579,28.340828373768808,0.8978980779483506,41.049115300822216,3.4486109420798,30.10203920561321,0.9294291826802995,0.942138871178031,7.038696855306625,12.181699648499489,18.033936247229576,50.91884907940406,84.24231182783842,105.26615683876041,4.901416448968446,186.17225246416194,8.23198474146826,1.2440338918156155,0.6192572157543977,-1.1485840019044105,-0.06479447734085575,-1.2685778125227003,-1.2161989838586962,-2.1167699418329846,0.09622649228953972,-0.08117889985442162,-0.06959054106854268,-0.5392101407051086,0.0013296635052039152,0.00043721544317321115,0.0003969572896301843,0.5770416259765625,0.4229583740234375,0.0,886.0796544651777,882.5173521596015,0.004020295791269817,2.7370647858586596,2.6803234349110063,0.02073072995597825
dev_test1_10,7,C4+TGRA,107.04564294517765,5.021658894463377,25.939387271123078,0.8542423968639776,63.24741520283662,4.100331716270368,28.224649406602232,0.8974035114826763,42.61371031167116,3.536240893473636,29.93958372897368,0.9289384290744859,0.9549560747109354,7.397976815700531,12.543884664773941,18.33965977653861,50.63159356079997,84.42065354436636,107.04564294517765,5.021658894463377,189.3277864193419,8.43419300410041,1.2543156212522226,0.6341150392157626,0.6309021045128276,0.055447968154075156,0.40093587002720454,0.3483960269902511,1.038764013346963,0.10650822172614682,0.22454462945461273,-0.35684605967263394,-0.3608684241771698,0.00035741053401616707,-5.735102250115087e-05,-9.379631618344764e-05,0.46588134765625,0.53411865234375,0.0,886.0796544651777,885.214342373536,0.0009765624199597497,2.7370647858586596,2.794251094476955,-0.020893297416179103
dev_test1_10,8,C4-only,67.99171578956798,2.9061648693651385,27.910517212589262,0.887663889846935,34.24026685745704,2.2711637177862882,30.889705813438514,0.926772699965137,19.418256439127525,1.9267645743059159,33.35297489992664,0.9508569168319086,0.7547448202967644,1.9301733677275479,6.221844628453255,11.416887938976288,44.303819513879795,89.64369352906942,67.99171578956798,2.9061648693651385,120.33107811729911,4.675716967706884,0.6982499396279536,0.6310264572114654,,,,,,,,,,,,,,,,,,,,,
dev_test1_10,8,C4+TExact,67.09062425488523,2.889955369405727,27.968458892579875,0.888557093306873,33.41390172015778,2.230330670772465,30.99580531220518,0.9277543542663481,18.792454832529994,1.8765852902864477,33.49524207014398,0.9518058769498151,0.7440184894949198,1.9188535585999489,6.174377053976059,11.436368385329843,43.68130723945807,88.86926244944334,67.09062425488523,2.889955369405727,118.7700056486606,4.66254383823788,0.6457053200312298,0.6109130523358145,-0.9010915346827488,-0.016209499959411566,-0.8263651372992555,-0.6258016065975305,-1.561072468638514,-0.05254461959672374,0.019480446353554726,-0.6225122744217231,-0.7744310796260834,0.0008932034599380412,0.00098165430121111,0.0009489601179064611,0.5234527587890625,0.4765472412109375,0.0,653.0067425557947,643.676784712051,0.014287689905355838,1.1296852784781863,1.1247291424222783,0.004387183006035566
dev_test1_10,8,C4+TGRA,67.64833562297144,2.8929281680428467,27.932506061542345,0.888095347082673,33.87307490100505,2.2326946075063367,30.93653099664558,0.9270811357123311,19.127298349510095,1.8771291049582512,33.418540900224556,0.9511902021370907,0.7069091498851776,1.9233092162176035,6.289980560541153,11.561065304122167,43.81732968427243,89.74194001406431,67.64833562297144,2.8929281680428467,119.77671964585205,4.678893544409699,0.6261275935535073,0.5966869698568953,-0.3433801665965319,-0.013236701322291822,-0.36719195645198965,-0.29095808961742975,-0.5543584714470597,-0.07212234607444623,0.14417736514587887,-0.48648982960736475,0.0982464849948883,0.00043145723573800865,0.0003084357471940802,0.0003332853051820628,0.532684326171875,0.4673004150390625,1.52587890625e-05,653.0067425557947,648.7192905240256,0.006565708670922036,1.1296852784781863,1.115385209722749,0.012658453666583254
dev_test1_10,9,C4-only,89.59901291696846,4.213327537174438,26.712044969033467,0.8734340820887863,48.70126525882175,3.432110156571908,29.35967477780109,0.9139520461942332,30.773143580207204,2.95667664475669,31.35335858954621,0.939628423388401,0.8453906397335231,5.816572532057762,10.048279762268066,14.965080730617046,49.2094351770357,85.16489312052727,89.59901291696846,4.213327537174438,158.788228737755,7.040935592101126,0.6414497188143031,0.5778314665544114,,,,,,,,,,,,,,,,,,,,,
dev_test1_10,9,C4+TExact,88.57567180064649,4.139324780266217,26.76193267194837,0.8747508279313291,47.673887772340215,3.3562519457030002,29.452271523278082,0.9143362637954787,29.797024027661273,2.880552425028182,31.493348309515078,0.9400597173583021,0.8374634990468621,5.565861016511917,9.757019653916359,14.91180457174778,49.130866168998296,85.78112542629242,88.57567180064649,4.139324780266217,157.01178806246745,6.925364392457889,0.586379464019552,0.5572738503054955,-1.0233411163219728,-0.07400275690822067,-1.0273774864815337,-0.9761195525459314,-1.776440675287546,-0.05507025479475114,-0.05327615886926651,-0.0785690080374053,0.616232305765152,0.0013167458425428213,0.00038421760124551785,0.0004312939699010476,0.5881195068359375,0.4118804931640625,0.0,781.4771275944029,778.1778774195535,0.004221812844357125,2.1861730134676693,2.1183112840939162,0.031041335226305825
dev_test1_10,9,C4+TGRA,90.06170080118876,4.259819757928942,26.689675778235195,0.8734728173973165,49.007582420091595,3.4521320899470957,29.332444431351075,0.9137150833097495,31.00089258795316,2.9684335515392837,31.321335237468485,0.9394238212730472,0.8746338379569352,5.907712168991566,10.157226994633675,15.21014403551817,49.17524234857415,85.08691634982824,90.06170080118876,4.259819757928942,159.62895766468853,7.1210615752817334,0.6180848338318892,0.5810802784753546,0.46268788422030127,0.04649222075450421,0.30631716126984543,0.22774900774595608,0.8407289269335365,-0.023364884982413958,0.24506330490112305,-0.03419282846154914,-0.0779767706990242,3.873530853026885e-05,-0.00023696288448371572,-0.00020460211535378026,0.473052978515625,0.526947021484375,0.0,781.4771275944029,781.8681992174145,-0.0005004261918905241,2.1861730134676693,2.2301258870983007,-0.020104938337389
dev_test1_10,10,C4-only,197.2754941076722,5.940633844507402,23.28434582296805,0.8400983086600563,129.33612875917882,4.879860597070915,25.117878644465055,0.8729665052932158,80.09880367421482,3.993288248690644,27.19881692438844,0.897329143621276,0.6283157994039357,3.7784736702451482,19.08577381633222,34.42345478804782,64.57222057785843,104.45570133626461,197.2754941076722,5.940633844507402,350.29968620792306,10.149025433371548,0.5301042644925257,0.5298446588249257,,,,,,,,,,,,,,,,,,,,,
dev_test1_10,10,C4+TExact,195.9673372348555,5.922464607868322,23.313240305548337,0.839844319095398,128.0923320690903,4.854477442675289,25.159845895546056,0.8729239079920025,78.939955881181,3.960136645907998,27.26210842775156,0.8974720140739159,0.6314697209745646,3.7509461608715355,19.075989108532667,34.379790839739144,64.45349127240479,103.49902153015137,195.9673372348555,5.922464607868322,348.00163026405176,10.127097499253235,0.4946747687460319,0.5165080332305748,-1.3081568728166815,-0.01816923663908021,-1.2437966900885158,-1.1588477930338144,-2.2980559438713044,-0.03542949574649379,-0.04366394830867648,-0.11872930545364113,-0.9566798061132431,-0.0002539895646582746,-4.2597301213365135e-05,0.00014287045263983167,0.5366973876953125,0.4633026123046875,0.0,1762.6041745668997,1750.5423400408913,0.006843189582807033,2.300343423348603,2.2932747462413148,0.0030728790473374015
dev_test1_10,10,C4+TGRA,195.79661003980772,5.918810787684136,23.317025538157395,0.8400420648142382,127.95878132115614,4.847300867102944,25.164376268983876,0.873144050991856,78.88071498204945,3.9544762302561054,27.26536883675419,0.8976377973291533,0.6318359076976776,3.7364501878619194,18.985899537801743,34.3543691188097,64.35612149722877,103.22350859642029,195.79661003980772,5.918810787684136,347.70197529687704,10.119890456043583,0.4897118521470488,0.5174226426505619,-1.4788840678644704,-0.021823056823265574,-1.3773474380226816,-1.2180886921653666,-2.597710911046022,-0.04039241234547686,-0.06908566923812032,-0.216099080629661,-1.2321927398443222,-5.624384581814912e-05,0.0001775456986401469,0.0003086537078772489,0.530914306640625,0.469085693359375,0.0,1762.6041745668997,1749.627931234407,0.007361972426782184,2.300343423348603,2.2906467805037525,0.004215302265926553
