split,sample,method,low_energy_frac,mid_energy_frac,high_energy_frac,update_rms,update_mae,update_maxabs,update_tv
dev_test1_10,1,C4+TExact,0.4107775861946262,0.34883318330923796,0.24038923049613586,0.5121107500087152,0.3422855861913765,6.901242043823004,0.7404955011899932
dev_test1_10,1,C4+TGRA,0.4182196831008741,0.3560658675481475,0.22571444935097837,0.5136015219944671,0.34522799887017025,5.655204085633159,0.7387438591171064
dev_test1_10,2,C4+TExact,0.36861548002841693,0.34728964355973674,0.28409487641184644,0.4720383879813777,0.3271441219175998,6.621706783771515,0.742495270034687
dev_test1_10,2,C4+TGRA,0.3820975823141533,0.359763797066053,0.25813862061979365,0.47850855646627727,0.3290650777165893,4.651831462979317,0.7346991687303499
dev_test1_10,3,C4+TExact,0.35293122422906886,0.39479088375225246,0.25227789201867845,0.5384912350392547,0.3448829974401869,6.675401823595166,0.8075068474267795
dev_test1_10,3,C4+TGRA,0.34827354390684495,0.41556835406959136,0.2361581020235636,0.5395211159027609,0.35212096358060685,6.557329706847668,0.8108564996449612
dev_test1_10,4,C4+TExact,0.386314619942693,0.3503992678836237,0.2632861121736833,0.5289981075983736,0.34374053187727405,6.183605990372598,0.8098412619249524
dev_test1_10,4,C4+TGRA,0.401815836701089,0.35948885981638384,0.23869530348252713,0.5301913354437261,0.35184364600094203,5.83109475672245,0.7980913472758066
dev_test1_10,5,C4+TExact,0.3343765685151044,0.38946867973494553,0.27615475174995013,0.5083977781249013,0.33205732305182595,5.7827153429389,0.8000984653536132
dev_test1_10,5,C4+TGRA,0.34328046189956707,0.40633559316057305,0.2503839449398601,0.5136044363486215,0.3414292689694308,5.7700855284929276,0.7909805487983896
dev_test1_10,6,C4+TExact,0.33158940021564526,0.4055133768746922,0.2628972229096627,0.5287543620838551,0.34466941969416626,6.6241200268268585,0.8237251379823478
dev_test1_10,6,C4+TGRA,0.3363350591579858,0.42417830294619785,0.23948663789581665,0.534581425013128,0.3504397292491922,6.920535960234702,0.8124129278770913
dev_test1_10,7,C4+TExact,0.4126738899436485,0.36490894986325084,0.22241716019310045,0.5703813285112053,0.3581452791315608,6.645710915327072,0.8069850979976889
dev_test1_10,7,C4+TGRA,0.3350646606033129,0.4205627170574781,0.24437262233920892,0.5683503408279951,0.3690440617430431,6.38435821980238,0.8752792566747805
dev_test1_10,8,C4+TExact,0.33035039496951696,0.40576048222896216,0.26388912280152094,0.5465219656952591,0.35255216189237926,5.771153159439564,0.852651452397595
dev_test1_10,8,C4+TGRA,0.3501936670003125,0.41179607376679156,0.2380102592328958,0.5495528103888554,0.3560196737830127,7.769192783161998,0.8231999977941745
dev_test1_10,9,C4+TExact,0.4112824164723161,0.37516715539352236,0.2135504281341614,0.5699894296969783,0.35911246205529995,5.881526954472065,0.7956321044048372
dev_test1_10,9,C4+TGRA,0.3111318975927677,0.44703346770929225,0.24183463469793992,0.5673709438762468,0.36591106377956,5.395486056804657,0.8780930519487395
dev_test1_10,10,C4+TExact,0.4653897305711176,0.2924298965124272,0.24218037291645525,0.513206767149397,0.33423560023048837,11.825409131124616,0.73014046163078
dev_test1_10,10,C4+TGRA,0.46709291745390846,0.32066401876945966,0.21224306377663185,0.518644925675411,0.347312357549207,5.688869208097458,0.7513394476974677
