epoch,update,train_loss,lr,val_full_mean,val_full_max,val_rec_mean
1,40,0.3557535046711564,0.0009999389330784217,0.7431425377726555,0.8691449761390686,0.23418409712612628
2,80,0.2455813734792173,0.0009997557473810366,0.6581123039126396,0.7315890789031982,0.18892300128936768
4,160,0.18938797442242503,0.0009990232305719933,0.6207633256912232,0.7561167478561401,0.17481862679123877
6,240,0.18212107671424746,0.0009978031724785221,0.6087138459086419,0.727719247341156,0.17017977572977544
8,320,0.18202054100111126,0.0009960967771506647,0.6132852375507355,0.7657877206802368,0.1748780082911253
10,400,0.17806879761628808,0.0009939057285945911,0.6261261016130447,0.7425005435943604,0.17227507680654525
12,480,0.1673885307274759,0.0009912321891106998,0.5890878967940807,0.6905071139335632,0.17099581584334372
14,560,0.15539364046417176,0.0009880787971596782,0.5816047109663487,0.6673428416252136,0.17161734476685525
16,640,0.15231283623725175,0.0009844486647586682,0.5577777035534381,0.648386538028717,0.16419898420572282
18,720,0.14527973267249764,0.000980345374410079,0.5759992346167564,0.6788455247879028,0.16716304160654544
20,800,0.13797527439892293,0.0009757729755660888,0.5552738144993782,0.6527736186981201,0.1677654840052128
22,880,0.13550556395202876,0.0009707359806323296,0.5523614756762981,0.6638774871826172,0.16621008850634097
24,960,0.12920126803219317,0.0009652393605146725,0.537465500831604,0.6602352857589722,0.1600002659484744
26,1040,0.12376397121697665,0.0009592885397135595,0.5515096537768841,0.6838302612304688,0.15890220496803523
28,1120,0.11803475357592105,0.0009528893909706687,0.5360085606575012,0.7166039347648621,0.15833585914224385
30,1200,0.13147857501171528,0.000946048229473231,0.5518927134573459,0.6892557144165039,0.16419406421482563
32,1280,0.11323444864246994,0.0009387718066217013,0.5368445381522179,0.7072827816009521,0.15985365100204946
34,1360,0.11948908986523747,0.0009310673033669407,0.5258517868816852,0.6853451132774353,0.15942978262901306
36,1440,0.1132464203517884,0.0009229423231234859,0.5371884636580944,0.7407447099685669,0.16049472372978926
38,1520,0.1040153629379347,0.0009144048842658967,0.5282054521143437,0.7103379964828491,0.15920355040580034
40,1600,0.10325876988936215,0.0009054634122155879,0.5257038407027721,0.7152347564697266,0.16018305905163288
42,1680,0.1019098961027339,0.0008961267311259553,0.5192612260580063,0.7280828952789307,0.15696981064975263
44,1760,0.09395249446388335,0.0008864040551740048,0.5241316124796868,0.7273815274238586,0.15961534157395363
46,1840,0.0920737235341221,0.000876304979467067,0.5293044060468673,0.7558178305625916,0.16025558542460203
48,1920,0.09655102803371847,0.0008658394705735884,0.5278772458434104,0.7653688788414001,0.15834911838173865
50,2000,0.08928777010878548,0.0008550178566873318,0.5310885637998581,0.7744938731193542,0.16177975479513407
52,2080,0.08510692787822335,0.0008438508174346915,0.5386963121592998,0.7657852172851562,0.16352088171988727
54,2160,0.08472388666123151,0.0008323493733351986,0.5266408458352089,0.7757753133773804,0.15637085121124983
56,2240,0.07987089304951951,0.0008205248749255924,0.5321237668395042,0.7811623811721802,0.1582790995016694
58,2320,0.07875697851413861,0.0008083889915582148,0.5321927644312382,0.7842677235603333,0.15981790889054537
60,2400,0.07933278528507799,0.0007959536998847659,0.5370661087334156,0.7775672078132629,0.1621385732665658
62,2480,0.07819029031088576,0.0007832312720367966,0.5541803322732448,0.7461795210838318,0.16965243257582188
64,2560,0.0755637692869641,0.0007702342635145953,0.5254960648715497,0.7725154161453247,0.15756818037480116
66,2640,0.07551548382034526,0.0007569755007964263,0.5471223756670952,0.7839632630348206,0.16623284704983235
68,2720,0.07496705015655607,0.0007434680686803424,0.5462954811751842,0.7781341671943665,0.1641057489439845
70,2800,0.06968934894539416,0.000729725297371069,0.5408210247755051,0.8058472275733948,0.16100421026349068
72,2880,0.07099777621915564,0.0007157607493247047,0.5294709764420986,0.7836081981658936,0.15926704537123443
74,2960,0.07022771874908358,0.0007015882058642106,0.536302799731493,0.7668723464012146,0.16233436856418848
76,3040,0.06790265631861984,0.00068722165357891,0.5439451903104782,0.7967902421951294,0.16190312150865793
78,3120,0.0742224934278056,0.0006726752705214136,0.5507366575300694,0.7906551957130432,0.16515211015939713
80,3200,0.0659538593608886,0.0006579634122155933,0.5395075988024474,0.7936452627182007,0.16358494833111764
82,3280,0.06477370307547972,0.0006431005974894133,0.5404383040964603,0.7862182855606079,0.16450635846704245
84,3360,0.06392931900918483,0.0006281014941465978,0.5389114126563073,0.7852165102958679,0.16547812167555093
86,3440,0.06479775841580704,0.0006129809044912838,0.5491090305149555,0.7950410842895508,0.16741389632225037
88,3520,0.0676774775260128,0.0005977537507199296,0.5464183196425438,0.7955346703529358,0.16633673328906298
90,3600,0.060836346878204495,0.0005824350601949102,0.5400375507771968,0.7862526774406433,0.16514659952372313
92,3680,0.058748706430196765,0.0005670399506143269,0.5438593864440918,0.7776360511779785,0.1649254012852907
94,3760,0.0601452122326009,0.0005515836150926609,0.5455458149313926,0.7689873576164246,0.1673646993935108
96,3840,0.05855643647955731,0.0005360813071670068,0.5434494212269783,0.7843257188796997,0.1642508063465357
98,3920,0.05916017019189894,0.0005205483257436704,0.5441936090588569,0.7850896716117859,0.16600152812898158
100,4000,0.05976574060041458,0.0005049999999999967,0.5450731456279755,0.7827475070953369,0.1666444640606642
102,4080,0.05896390053676441,0.0004894516742563223,0.5468567110598087,0.7645606994628906,0.1645677737891674
104,4160,0.05700675407424569,0.00047391869283298595,0.5450646940618753,0.7787172794342041,0.1650368558242917
106,4240,0.0567212889669463,0.00045841638490733166,0.5524552933871746,0.7939633727073669,0.16696260161697865
108,4320,0.05551119919400662,0.00044296004938566586,0.5459273986518383,0.776646614074707,0.16576183959841728
110,4400,0.055103988910559565,0.0004275649398050824,0.54978645183146,0.7780052423477173,0.16614854652434588
112,4480,0.05444215057650581,0.00041224624928006313,0.5478240862488747,0.7831924557685852,0.1647502848878503
114,4560,0.05373987668426707,0.00039701909550870856,0.5551699712872505,0.7951675057411194,0.16704303100705148
116,4640,0.05412904346594587,0.00038189850585339404,0.5541284073144197,0.7881706357002258,0.16964317355304956
118,4720,0.057189913641195744,0.0003668994025105788,0.5546812400221824,0.7847381234169006,0.16695336494594812
120,4800,0.0533086676034145,0.00035203658778439864,0.548955450206995,0.7819653749465942,0.16546547655016183
122,4880,0.05187954092398286,0.00033732472947857847,0.5530951648950577,0.7945157885551453,0.16720066610723733
124,4960,0.05092109419638291,0.00032277834642108243,0.5519760482013225,0.7844251394271851,0.16684840377420188
126,5040,0.050350594229530546,0.00030841179413578174,0.560243297368288,0.7977851033210754,0.16850794274359943
128,5120,0.050168569362722334,0.0002942392506752871,0.5566811971366405,0.792948842048645,0.1675966216251254
130,5200,0.05142526139970869,0.00028027470262892266,0.5615218065679073,0.8030207753181458,0.17033673841506242
132,5280,0.0511994959320873,0.00026653193131964936,0.5569443177431822,0.7953990697860718,0.16754234936088325
134,5360,0.04909984227269888,0.0002530244992035646,0.5565998673439025,0.7902362942695618,0.16738245468586682
136,5440,0.048584058950655165,0.00023976573648539577,0.5623261332511902,0.7986606955528259,0.16899239234626293
138,5520,0.04843474188819528,0.00022676872796319422,0.5593116857111454,0.7974704504013062,0.16805040296167134
140,5600,0.04814384393393993,0.00021404630011522484,0.5620625995099544,0.7941654920578003,0.16854564249515533
142,5680,0.047909446083940564,0.00020161100844177587,0.5604555819183588,0.7941997647285461,0.16827209182083608
144,5760,0.04751160255400464,0.0001894751250743978,0.562837828695774,0.7993977665901184,0.1684973893687129
146,5840,0.04717349605052732,0.0001776506266647916,0.5656502209603786,0.8035003542900085,0.16963909585028886
148,5920,0.04696815584320575,0.0001661491825652987,0.5654953520745039,0.8013011813163757,0.1692622397094965
150,6000,0.04678387713502161,0.00015498214331265844,0.568766999989748,0.8020999431610107,0.17008747290819884
152,6080,0.04655264801112935,0.00014416052942640056,0.5678961746394634,0.8012818098068237,0.17005886528640984
154,6160,0.04635026069590822,0.00013369502053292185,0.5700331695377827,0.8055522441864014,0.17106741834431888
156,6240,0.046069388760952276,0.00012359594482598424,0.5709284998476505,0.8072035908699036,0.17096401136368514
158,6320,0.04592252711299807,0.0001138732688740332,0.569855560362339,0.8030394315719604,0.17081014551222323
160,6400,0.045739137119380754,0.00010453658778440106,0.5703690126538277,0.8040143847465515,0.1705777583643794
162,6480,0.04555402369005605,9.559511573409192e-05,0.5715755544602871,0.8046194911003113,0.1710166111588478
164,6560,0.04541284036240541,8.705767687650246e-05,0.571572945266962,0.8031509518623352,0.17108535747975112
166,6640,0.04527973611257039,7.893269663304785e-05,0.5728937648236752,0.8057867288589478,0.1715727247297764
168,6720,0.04516210076981224,7.122819337828748e-05,0.5729249373078347,0.8056595325469971,0.17133499998599291
170,6800,0.045059093472082166,6.395177052675813e-05,0.5742785513401032,0.8066933155059814,0.17178116869181395
172,6880,0.044951209414284675,5.711060902932068e-05,0.5751743465662003,0.8066295981407166,0.17208720576018094
174,6960,0.04485051255323924,5.0711460286429566e-05,0.5756500653922558,0.8089340925216675,0.17213030997663736
176,7040,0.04476676868507638,4.4760639485315726e-05,0.5747661791741848,0.8060522675514221,0.1720409406349063
178,7120,0.04470009794458747,3.926401936765866e-05,0.5757502041757107,0.8065354824066162,0.17238925360143184
180,7200,0.04463191198301501,3.422702443389932e-05,0.5764221258461475,0.8084993958473206,0.1725155681371689
182,7280,0.04456692995154299,2.965462558991355e-05,0.5757941588759422,0.8064870238304138,0.1722481731325388
184,7360,0.04451474719098769,2.555133524132801e-05,0.5766667202115059,0.8084394335746765,0.17246532961726188
186,7440,0.04446455163997598,2.1921202840320396e-05,0.5767288833856583,0.807998776435852,0.17263640332967042
188,7520,0.044421690935269,1.876781088929932e-05,0.5770162507891655,0.8075008988380432,0.17274087741971017
190,7600,0.04438486439175904,1.609427140540702e-05,0.5771975800395012,0.8076927065849304,0.17277951203286648
192,7680,0.044353319838410246,1.3903222849333615e-05,0.577286833524704,0.8076045513153076,0.17281758096069097
194,7760,0.04432647490175441,1.2196827521475462e-05,0.5776212431490422,0.808081865310669,0.17295101694762707
196,7840,0.044301301927771417,1.097676942800561e-05,0.5781806014478207,0.8089011311531067,0.17300166599452496
198,7920,0.044282526493771,1.0244252618962863e-05,0.577876253426075,0.8084051609039307,0.17295101806521415
200,8000,0.04426105036400259,1e-05,0.578096230328083,0.8084824681282043,0.17301244102418423
