image_idx,file,source_idx,src_x,src_y,full_rrmse,rec_rrmse
0,/home/featurize/work/USCT_repro/USCT_download/c5_wavefield_data/smoke8src_train20_val5/train/train_1.npz,0,246,19,0.2880505919456482,0.09526212513446808
0,/home/featurize/work/USCT_repro/USCT_download/c5_wavefield_data/smoke8src_train20_val5/train/train_1.npz,1,398,85,0.21664895117282867,0.07252064347267151
0,/home/featurize/work/USCT_repro/USCT_download/c5_wavefield_data/smoke8src_train20_val5/train/train_1.npz,2,461,245,0.22198089957237244,0.07350059598684311
0,/home/featurize/work/USCT_repro/USCT_download/c5_wavefield_data/smoke8src_train20_val5/train/train_1.npz,3,395,397,0.24103888869285583,0.07335758954286575
0,/home/featurize/work/USCT_repro/USCT_download/c5_wavefield_data/smoke8src_train20_val5/train/train_1.npz,4,235,461,0.22117523849010468,0.07479080557823181
0,/home/featurize/work/USCT_repro/USCT_download/c5_wavefield_data/smoke8src_train20_val5/train/train_1.npz,5,83,396,0.22759144008159637,0.0798940435051918
0,/home/featurize/work/USCT_repro/USCT_download/c5_wavefield_data/smoke8src_train20_val5/train/train_1.npz,6,19,236,0.22300684452056885,0.06743276119232178
0,/home/featurize/work/USCT_repro/USCT_download/c5_wavefield_data/smoke8src_train20_val5/train/train_1.npz,7,84,84,0.2101854830980301,0.06919756531715393
1,/home/featurize/work/USCT_repro/USCT_download/c5_wavefield_data/smoke8src_train20_val5/train/train_2.npz,0,246,19,0.23632273077964783,0.07165303081274033
1,/home/featurize/work/USCT_repro/USCT_download/c5_wavefield_data/smoke8src_train20_val5/train/train_2.npz,1,398,85,0.19525234401226044,0.05762675032019615
1,/home/featurize/work/USCT_repro/USCT_download/c5_wavefield_data/smoke8src_train20_val5/train/train_2.npz,2,461,245,0.18598932027816772,0.06214280426502228
1,/home/featurize/work/USCT_repro/USCT_download/c5_wavefield_data/smoke8src_train20_val5/train/train_2.npz,3,395,397,0.20388592779636383,0.06699606031179428
1,/home/featurize/work/USCT_repro/USCT_download/c5_wavefield_data/smoke8src_train20_val5/train/train_2.npz,4,235,461,0.19762590527534485,0.06107927858829498
1,/home/featurize/work/USCT_repro/USCT_download/c5_wavefield_data/smoke8src_train20_val5/train/train_2.npz,5,83,396,0.20667056739330292,0.06797919422388077
1,/home/featurize/work/USCT_repro/USCT_download/c5_wavefield_data/smoke8src_train20_val5/train/train_2.npz,6,19,236,0.1857815682888031,0.06242366507649422
1,/home/featurize/work/USCT_repro/USCT_download/c5_wavefield_data/smoke8src_train20_val5/train/train_2.npz,7,84,84,0.18302574753761292,0.05513394996523857
2,/home/featurize/work/USCT_repro/USCT_download/c5_wavefield_data/smoke8src_train20_val5/train/train_3.npz,0,246,19,0.21860037744045258,0.061224594712257385
2,/home/featurize/work/USCT_repro/USCT_download/c5_wavefield_data/smoke8src_train20_val5/train/train_3.npz,1,398,85,0.24340680241584778,0.07831888645887375
2,/home/featurize/work/USCT_repro/USCT_download/c5_wavefield_data/smoke8src_train20_val5/train/train_3.npz,2,461,245,0.22979529201984406,0.07332918792963028
2,/home/featurize/work/USCT_repro/USCT_download/c5_wavefield_data/smoke8src_train20_val5/train/train_3.npz,3,395,397,0.2177758514881134,0.07451379299163818
2,/home/featurize/work/USCT_repro/USCT_download/c5_wavefield_data/smoke8src_train20_val5/train/train_3.npz,4,235,461,0.22767357528209686,0.06587494164705276
2,/home/featurize/work/USCT_repro/USCT_download/c5_wavefield_data/smoke8src_train20_val5/train/train_3.npz,5,83,396,0.18901574611663818,0.06260566413402557
2,/home/featurize/work/USCT_repro/USCT_download/c5_wavefield_data/smoke8src_train20_val5/train/train_3.npz,6,19,236,0.25748106837272644,0.07669534534215927
2,/home/featurize/work/USCT_repro/USCT_download/c5_wavefield_data/smoke8src_train20_val5/train/train_3.npz,7,84,84,0.21734106540679932,0.07069487869739532
3,/home/featurize/work/USCT_repro/USCT_download/c5_wavefield_data/smoke8src_train20_val5/train/train_4.npz,0,246,19,0.1877685934305191,0.05484069138765335
3,/home/featurize/work/USCT_repro/USCT_download/c5_wavefield_data/smoke8src_train20_val5/train/train_4.npz,1,398,85,0.18184061348438263,0.0538516491651535
3,/home/featurize/work/USCT_repro/USCT_download/c5_wavefield_data/smoke8src_train20_val5/train/train_4.npz,2,461,245,0.2272394746541977,0.06311186403036118
3,/home/featurize/work/USCT_repro/USCT_download/c5_wavefield_data/smoke8src_train20_val5/train/train_4.npz,3,395,397,0.18043164908885956,0.054272715002298355
3,/home/featurize/work/USCT_repro/USCT_download/c5_wavefield_data/smoke8src_train20_val5/train/train_4.npz,4,235,461,0.18483126163482666,0.0523405596613884
3,/home/featurize/work/USCT_repro/USCT_download/c5_wavefield_data/smoke8src_train20_val5/train/train_4.npz,5,83,396,0.2082110196352005,0.06531581282615662
3,/home/featurize/work/USCT_repro/USCT_download/c5_wavefield_data/smoke8src_train20_val5/train/train_4.npz,6,19,236,0.19650694727897644,0.05750769376754761
3,/home/featurize/work/USCT_repro/USCT_download/c5_wavefield_data/smoke8src_train20_val5/train/train_4.npz,7,84,84,0.19233036041259766,0.059955451637506485
4,/home/featurize/work/USCT_repro/USCT_download/c5_wavefield_data/smoke8src_train20_val5/train/train_5.npz,0,246,19,0.2297082245349884,0.07161758095026016
4,/home/featurize/work/USCT_repro/USCT_download/c5_wavefield_data/smoke8src_train20_val5/train/train_5.npz,1,398,85,0.2855106592178345,0.10257723182439804
4,/home/featurize/work/USCT_repro/USCT_download/c5_wavefield_data/smoke8src_train20_val5/train/train_5.npz,2,461,245,0.24403877556324005,0.08593860268592834
4,/home/featurize/work/USCT_repro/USCT_download/c5_wavefield_data/smoke8src_train20_val5/train/train_5.npz,3,395,397,0.27343276143074036,0.09351902455091476
4,/home/featurize/work/USCT_repro/USCT_download/c5_wavefield_data/smoke8src_train20_val5/train/train_5.npz,4,235,461,0.23701277375221252,0.0784580186009407
4,/home/featurize/work/USCT_repro/USCT_download/c5_wavefield_data/smoke8src_train20_val5/train/train_5.npz,5,83,396,0.21137048304080963,0.06961709260940552
4,/home/featurize/work/USCT_repro/USCT_download/c5_wavefield_data/smoke8src_train20_val5/train/train_5.npz,6,19,236,0.3178252577781677,0.10571293532848358
4,/home/featurize/work/USCT_repro/USCT_download/c5_wavefield_data/smoke8src_train20_val5/train/train_5.npz,7,84,84,0.22709006071090698,0.07108524441719055
5,/home/featurize/work/USCT_repro/USCT_download/c5_wavefield_data/smoke8src_train20_val5/train/train_6.npz,0,246,19,0.23914170265197754,0.07585878670215607
5,/home/featurize/work/USCT_repro/USCT_download/c5_wavefield_data/smoke8src_train20_val5/train/train_6.npz,1,398,85,0.17949512600898743,0.05498039722442627
5,/home/featurize/work/USCT_repro/USCT_download/c5_wavefield_data/smoke8src_train20_val5/train/train_6.npz,2,461,245,0.1728304773569107,0.0528780072927475
5,/home/featurize/work/USCT_repro/USCT_download/c5_wavefield_data/smoke8src_train20_val5/train/train_6.npz,3,395,397,0.20496651530265808,0.06447003036737442
5,/home/featurize/work/USCT_repro/USCT_download/c5_wavefield_data/smoke8src_train20_val5/train/train_6.npz,4,235,461,0.19535501301288605,0.055363729596138
5,/home/featurize/work/USCT_repro/USCT_download/c5_wavefield_data/smoke8src_train20_val5/train/train_6.npz,5,83,396,0.18266728520393372,0.05546344444155693
5,/home/featurize/work/USCT_repro/USCT_download/c5_wavefield_data/smoke8src_train20_val5/train/train_6.npz,6,19,236,0.18293547630310059,0.055698517709970474
5,/home/featurize/work/USCT_repro/USCT_download/c5_wavefield_data/smoke8src_train20_val5/train/train_6.npz,7,84,84,0.1753229945898056,0.057729121297597885
6,/home/featurize/work/USCT_repro/USCT_download/c5_wavefield_data/smoke8src_train20_val5/train/train_7.npz,0,246,19,0.20285069942474365,0.05761077255010605
6,/home/featurize/work/USCT_repro/USCT_download/c5_wavefield_data/smoke8src_train20_val5/train/train_7.npz,1,398,85,0.20840848982334137,0.064766064286232
6,/home/featurize/work/USCT_repro/USCT_download/c5_wavefield_data/smoke8src_train20_val5/train/train_7.npz,2,461,245,0.24212607741355896,0.07661160826683044
6,/home/featurize/work/USCT_repro/USCT_download/c5_wavefield_data/smoke8src_train20_val5/train/train_7.npz,3,395,397,0.18426813185214996,0.05890655517578125
6,/home/featurize/work/USCT_repro/USCT_download/c5_wavefield_data/smoke8src_train20_val5/train/train_7.npz,4,235,461,0.20782911777496338,0.06589516997337341
6,/home/featurize/work/USCT_repro/USCT_download/c5_wavefield_data/smoke8src_train20_val5/train/train_7.npz,5,83,396,0.22623711824417114,0.07787146419286728
6,/home/featurize/work/USCT_repro/USCT_download/c5_wavefield_data/smoke8src_train20_val5/train/train_7.npz,6,19,236,0.2164161652326584,0.06847859174013138
6,/home/featurize/work/USCT_repro/USCT_download/c5_wavefield_data/smoke8src_train20_val5/train/train_7.npz,7,84,84,0.2157837599515915,0.06968987733125687
7,/home/featurize/work/USCT_repro/USCT_download/c5_wavefield_data/smoke8src_train20_val5/train/train_8.npz,0,246,19,0.36816874146461487,0.12463686615228653
7,/home/featurize/work/USCT_repro/USCT_download/c5_wavefield_data/smoke8src_train20_val5/train/train_8.npz,1,398,85,0.32458505034446716,0.11425593495368958
7,/home/featurize/work/USCT_repro/USCT_download/c5_wavefield_data/smoke8src_train20_val5/train/train_8.npz,2,461,245,0.40698638558387756,0.11776749789714813
7,/home/featurize/work/USCT_repro/USCT_download/c5_wavefield_data/smoke8src_train20_val5/train/train_8.npz,3,395,397,0.36980125308036804,0.12237410992383957
7,/home/featurize/work/USCT_repro/USCT_download/c5_wavefield_data/smoke8src_train20_val5/train/train_8.npz,4,235,461,0.34064966440200806,0.1128188893198967
7,/home/featurize/work/USCT_repro/USCT_download/c5_wavefield_data/smoke8src_train20_val5/train/train_8.npz,5,83,396,0.35709285736083984,0.13226819038391113
7,/home/featurize/work/USCT_repro/USCT_download/c5_wavefield_data/smoke8src_train20_val5/train/train_8.npz,6,19,236,0.3707132935523987,0.12459076941013336
7,/home/featurize/work/USCT_repro/USCT_download/c5_wavefield_data/smoke8src_train20_val5/train/train_8.npz,7,84,84,0.37186306715011597,0.12123240530490875
8,/home/featurize/work/USCT_repro/USCT_download/c5_wavefield_data/smoke8src_train20_val5/train/train_9.npz,0,246,19,0.2292710393667221,0.07524746656417847
8,/home/featurize/work/USCT_repro/USCT_download/c5_wavefield_data/smoke8src_train20_val5/train/train_9.npz,1,398,85,0.29202961921691895,0.09815428406000137
8,/home/featurize/work/USCT_repro/USCT_download/c5_wavefield_data/smoke8src_train20_val5/train/train_9.npz,2,461,245,0.2601957619190216,0.09056766331195831
8,/home/featurize/work/USCT_repro/USCT_download/c5_wavefield_data/smoke8src_train20_val5/train/train_9.npz,3,395,397,0.25360533595085144,0.09094051271677017
8,/home/featurize/work/USCT_repro/USCT_download/c5_wavefield_data/smoke8src_train20_val5/train/train_9.npz,4,235,461,0.24721692502498627,0.08521470427513123
8,/home/featurize/work/USCT_repro/USCT_download/c5_wavefield_data/smoke8src_train20_val5/train/train_9.npz,5,83,396,0.22819192707538605,0.0829380601644516
8,/home/featurize/work/USCT_repro/USCT_download/c5_wavefield_data/smoke8src_train20_val5/train/train_9.npz,6,19,236,0.3332667052745819,0.11608973145484924
8,/home/featurize/work/USCT_repro/USCT_download/c5_wavefield_data/smoke8src_train20_val5/train/train_9.npz,7,84,84,0.23824143409729004,0.07485250383615494
9,/home/featurize/work/USCT_repro/USCT_download/c5_wavefield_data/smoke8src_train20_val5/train/train_10.npz,0,246,19,0.19504135847091675,0.06010201945900917
9,/home/featurize/work/USCT_repro/USCT_download/c5_wavefield_data/smoke8src_train20_val5/train/train_10.npz,1,398,85,0.17472784221172333,0.05221034586429596
9,/home/featurize/work/USCT_repro/USCT_download/c5_wavefield_data/smoke8src_train20_val5/train/train_10.npz,2,461,245,0.1942392736673355,0.058304887264966965
9,/home/featurize/work/USCT_repro/USCT_download/c5_wavefield_data/smoke8src_train20_val5/train/train_10.npz,3,395,397,0.2053264081478119,0.05804359167814255
9,/home/featurize/work/USCT_repro/USCT_download/c5_wavefield_data/smoke8src_train20_val5/train/train_10.npz,4,235,461,0.17917484045028687,0.05070493370294571
9,/home/featurize/work/USCT_repro/USCT_download/c5_wavefield_data/smoke8src_train20_val5/train/train_10.npz,5,83,396,0.17650075256824493,0.057083506137132645
9,/home/featurize/work/USCT_repro/USCT_download/c5_wavefield_data/smoke8src_train20_val5/train/train_10.npz,6,19,236,0.20382378995418549,0.0578991137444973
9,/home/featurize/work/USCT_repro/USCT_download/c5_wavefield_data/smoke8src_train20_val5/train/train_10.npz,7,84,84,0.18940898776054382,0.06090643256902695
10,/home/featurize/work/USCT_repro/USCT_download/c5_wavefield_data/smoke8src_train20_val5/train/train_11.npz,0,246,19,0.3285265862941742,0.10894212126731873
10,/home/featurize/work/USCT_repro/USCT_download/c5_wavefield_data/smoke8src_train20_val5/train/train_11.npz,1,398,85,0.3562399744987488,0.11865866184234619
10,/home/featurize/work/USCT_repro/USCT_download/c5_wavefield_data/smoke8src_train20_val5/train/train_11.npz,2,461,245,0.3674691617488861,0.1110159233212471
10,/home/featurize/work/USCT_repro/USCT_download/c5_wavefield_data/smoke8src_train20_val5/train/train_11.npz,3,395,397,0.3381955027580261,0.09600184857845306
10,/home/featurize/work/USCT_repro/USCT_download/c5_wavefield_data/smoke8src_train20_val5/train/train_11.npz,4,235,461,0.35941898822784424,0.10740073770284653
10,/home/featurize/work/USCT_repro/USCT_download/c5_wavefield_data/smoke8src_train20_val5/train/train_11.npz,5,83,396,0.32309356331825256,0.10343612730503082
10,/home/featurize/work/USCT_repro/USCT_download/c5_wavefield_data/smoke8src_train20_val5/train/train_11.npz,6,19,236,0.3628585934638977,0.11539113521575928
10,/home/featurize/work/USCT_repro/USCT_download/c5_wavefield_data/smoke8src_train20_val5/train/train_11.npz,7,84,84,0.3104479908943176,0.08460621535778046
11,/home/featurize/work/USCT_repro/USCT_download/c5_wavefield_data/smoke8src_train20_val5/train/train_12.npz,0,246,19,0.33657601475715637,0.0864044651389122
11,/home/featurize/work/USCT_repro/USCT_download/c5_wavefield_data/smoke8src_train20_val5/train/train_12.npz,1,398,85,0.33832067251205444,0.11724838614463806
11,/home/featurize/work/USCT_repro/USCT_download/c5_wavefield_data/smoke8src_train20_val5/train/train_12.npz,2,461,245,0.3181833028793335,0.08608747273683548
11,/home/featurize/work/USCT_repro/USCT_download/c5_wavefield_data/smoke8src_train20_val5/train/train_12.npz,3,395,397,0.3312576115131378,0.10125836730003357
11,/home/featurize/work/USCT_repro/USCT_download/c5_wavefield_data/smoke8src_train20_val5/train/train_12.npz,4,235,461,0.3315357565879822,0.11100529134273529
11,/home/featurize/work/USCT_repro/USCT_download/c5_wavefield_data/smoke8src_train20_val5/train/train_12.npz,5,83,396,0.2997910678386688,0.10626711696386337
11,/home/featurize/work/USCT_repro/USCT_download/c5_wavefield_data/smoke8src_train20_val5/train/train_12.npz,6,19,236,0.3322443664073944,0.09376145154237747
11,/home/featurize/work/USCT_repro/USCT_download/c5_wavefield_data/smoke8src_train20_val5/train/train_12.npz,7,84,84,0.33658644556999207,0.10055296868085861
12,/home/featurize/work/USCT_repro/USCT_download/c5_wavefield_data/smoke8src_train20_val5/train/train_13.npz,0,246,19,0.36056455969810486,0.11044628918170929
12,/home/featurize/work/USCT_repro/USCT_download/c5_wavefield_data/smoke8src_train20_val5/train/train_13.npz,1,398,85,0.31040260195732117,0.09541173279285431
12,/home/featurize/work/USCT_repro/USCT_download/c5_wavefield_data/smoke8src_train20_val5/train/train_13.npz,2,461,245,0.33984920382499695,0.10738003998994827
12,/home/featurize/work/USCT_repro/USCT_download/c5_wavefield_data/smoke8src_train20_val5/train/train_13.npz,3,395,397,0.32793378829956055,0.10619483888149261
12,/home/featurize/work/USCT_repro/USCT_download/c5_wavefield_data/smoke8src_train20_val5/train/train_13.npz,4,235,461,0.3194415271282196,0.08951950073242188
12,/home/featurize/work/USCT_repro/USCT_download/c5_wavefield_data/smoke8src_train20_val5/train/train_13.npz,5,83,396,0.33692240715026855,0.10873188078403473
12,/home/featurize/work/USCT_repro/USCT_download/c5_wavefield_data/smoke8src_train20_val5/train/train_13.npz,6,19,236,0.3362915515899658,0.09564896672964096
12,/home/featurize/work/USCT_repro/USCT_download/c5_wavefield_data/smoke8src_train20_val5/train/train_13.npz,7,84,84,0.355113685131073,0.11322838813066483
13,/home/featurize/work/USCT_repro/USCT_download/c5_wavefield_data/smoke8src_train20_val5/train/train_14.npz,0,246,19,0.38942253589630127,0.12066362053155899
13,/home/featurize/work/USCT_repro/USCT_download/c5_wavefield_data/smoke8src_train20_val5/train/train_14.npz,1,398,85,0.3549845218658447,0.10558679699897766
13,/home/featurize/work/USCT_repro/USCT_download/c5_wavefield_data/smoke8src_train20_val5/train/train_14.npz,2,461,245,0.340044766664505,0.10900692641735077
13,/home/featurize/work/USCT_repro/USCT_download/c5_wavefield_data/smoke8src_train20_val5/train/train_14.npz,3,395,397,0.35545554757118225,0.10774056613445282
13,/home/featurize/work/USCT_repro/USCT_download/c5_wavefield_data/smoke8src_train20_val5/train/train_14.npz,4,235,461,0.3279789090156555,0.09965991973876953
13,/home/featurize/work/USCT_repro/USCT_download/c5_wavefield_data/smoke8src_train20_val5/train/train_14.npz,5,83,396,0.3345440924167633,0.10454104095697403
13,/home/featurize/work/USCT_repro/USCT_download/c5_wavefield_data/smoke8src_train20_val5/train/train_14.npz,6,19,236,0.36308932304382324,0.11477024108171463
13,/home/featurize/work/USCT_repro/USCT_download/c5_wavefield_data/smoke8src_train20_val5/train/train_14.npz,7,84,84,0.3066375255584717,0.09330406785011292
14,/home/featurize/work/USCT_repro/USCT_download/c5_wavefield_data/smoke8src_train20_val5/train/train_15.npz,0,246,19,0.3680206835269928,0.11833512037992477
14,/home/featurize/work/USCT_repro/USCT_download/c5_wavefield_data/smoke8src_train20_val5/train/train_15.npz,1,398,85,0.3287515342235565,0.10541799664497375
14,/home/featurize/work/USCT_repro/USCT_download/c5_wavefield_data/smoke8src_train20_val5/train/train_15.npz,2,461,245,0.3706962466239929,0.11288924515247345
14,/home/featurize/work/USCT_repro/USCT_download/c5_wavefield_data/smoke8src_train20_val5/train/train_15.npz,3,395,397,0.36272963881492615,0.12141459435224533
14,/home/featurize/work/USCT_repro/USCT_download/c5_wavefield_data/smoke8src_train20_val5/train/train_15.npz,4,235,461,0.34077441692352295,0.10905304551124573
14,/home/featurize/work/USCT_repro/USCT_download/c5_wavefield_data/smoke8src_train20_val5/train/train_15.npz,5,83,396,0.337001234292984,0.11245270818471909
14,/home/featurize/work/USCT_repro/USCT_download/c5_wavefield_data/smoke8src_train20_val5/train/train_15.npz,6,19,236,0.33779168128967285,0.10312172770500183
14,/home/featurize/work/USCT_repro/USCT_download/c5_wavefield_data/smoke8src_train20_val5/train/train_15.npz,7,84,84,0.3326658308506012,0.10005292296409607
15,/home/featurize/work/USCT_repro/USCT_download/c5_wavefield_data/smoke8src_train20_val5/train/train_16.npz,0,246,19,0.38056379556655884,0.11969737708568573
15,/home/featurize/work/USCT_repro/USCT_download/c5_wavefield_data/smoke8src_train20_val5/train/train_16.npz,1,398,85,0.33725160360336304,0.10576176643371582
15,/home/featurize/work/USCT_repro/USCT_download/c5_wavefield_data/smoke8src_train20_val5/train/train_16.npz,2,461,245,0.3772049844264984,0.11097922176122665
15,/home/featurize/work/USCT_repro/USCT_download/c5_wavefield_data/smoke8src_train20_val5/train/train_16.npz,3,395,397,0.3552022874355316,0.11586203426122665
15,/home/featurize/work/USCT_repro/USCT_download/c5_wavefield_data/smoke8src_train20_val5/train/train_16.npz,4,235,461,0.37788474559783936,0.10687050223350525
15,/home/featurize/work/USCT_repro/USCT_download/c5_wavefield_data/smoke8src_train20_val5/train/train_16.npz,5,83,396,0.3906536400318146,0.14018359780311584
15,/home/featurize/work/USCT_repro/USCT_download/c5_wavefield_data/smoke8src_train20_val5/train/train_16.npz,6,19,236,0.3561849892139435,0.12085035443305969
15,/home/featurize/work/USCT_repro/USCT_download/c5_wavefield_data/smoke8src_train20_val5/train/train_16.npz,7,84,84,0.3641811013221741,0.1162637248635292
16,/home/featurize/work/USCT_repro/USCT_download/c5_wavefield_data/smoke8src_train20_val5/train/train_17.npz,0,246,19,0.39328256249427795,0.1231783926486969
16,/home/featurize/work/USCT_repro/USCT_download/c5_wavefield_data/smoke8src_train20_val5/train/train_17.npz,1,398,85,0.3884442150592804,0.10824468731880188
16,/home/featurize/work/USCT_repro/USCT_download/c5_wavefield_data/smoke8src_train20_val5/train/train_17.npz,2,461,245,0.3344264328479767,0.10452515631914139
16,/home/featurize/work/USCT_repro/USCT_download/c5_wavefield_data/smoke8src_train20_val5/train/train_17.npz,3,395,397,0.37477758526802063,0.11225166916847229
16,/home/featurize/work/USCT_repro/USCT_download/c5_wavefield_data/smoke8src_train20_val5/train/train_17.npz,4,235,461,0.37112170457839966,0.1272934526205063
16,/home/featurize/work/USCT_repro/USCT_download/c5_wavefield_data/smoke8src_train20_val5/train/train_17.npz,5,83,396,0.34644630551338196,0.10748311132192612
16,/home/featurize/work/USCT_repro/USCT_download/c5_wavefield_data/smoke8src_train20_val5/train/train_17.npz,6,19,236,0.38152769207954407,0.12764862179756165
16,/home/featurize/work/USCT_repro/USCT_download/c5_wavefield_data/smoke8src_train20_val5/train/train_17.npz,7,84,84,0.3352765738964081,0.11865797638893127
17,/home/featurize/work/USCT_repro/USCT_download/c5_wavefield_data/smoke8src_train20_val5/train/train_18.npz,0,246,19,0.30468887090682983,0.09121778607368469
17,/home/featurize/work/USCT_repro/USCT_download/c5_wavefield_data/smoke8src_train20_val5/train/train_18.npz,1,398,85,0.3075109124183655,0.09851869940757751
17,/home/featurize/work/USCT_repro/USCT_download/c5_wavefield_data/smoke8src_train20_val5/train/train_18.npz,2,461,245,0.33825936913490295,0.09873005747795105
17,/home/featurize/work/USCT_repro/USCT_download/c5_wavefield_data/smoke8src_train20_val5/train/train_18.npz,3,395,397,0.32851800322532654,0.11941203474998474
17,/home/featurize/work/USCT_repro/USCT_download/c5_wavefield_data/smoke8src_train20_val5/train/train_18.npz,4,235,461,0.3496887683868408,0.1009247675538063
17,/home/featurize/work/USCT_repro/USCT_download/c5_wavefield_data/smoke8src_train20_val5/train/train_18.npz,5,83,396,0.32462233304977417,0.09060581773519516
17,/home/featurize/work/USCT_repro/USCT_download/c5_wavefield_data/smoke8src_train20_val5/train/train_18.npz,6,19,236,0.33388227224349976,0.08950626105070114
17,/home/featurize/work/USCT_repro/USCT_download/c5_wavefield_data/smoke8src_train20_val5/train/train_18.npz,7,84,84,0.32329294085502625,0.10248884558677673
18,/home/featurize/work/USCT_repro/USCT_download/c5_wavefield_data/smoke8src_train20_val5/train/train_19.npz,0,246,19,0.3474854528903961,0.09284672886133194
18,/home/featurize/work/USCT_repro/USCT_download/c5_wavefield_data/smoke8src_train20_val5/train/train_19.npz,1,398,85,0.3054153025150299,0.09075549244880676
18,/home/featurize/work/USCT_repro/USCT_download/c5_wavefield_data/smoke8src_train20_val5/train/train_19.npz,2,461,245,0.3200192153453827,0.0929151326417923
18,/home/featurize/work/USCT_repro/USCT_download/c5_wavefield_data/smoke8src_train20_val5/train/train_19.npz,3,395,397,0.32354697585105896,0.10340119898319244
18,/home/featurize/work/USCT_repro/USCT_download/c5_wavefield_data/smoke8src_train20_val5/train/train_19.npz,4,235,461,0.3465915620326996,0.10680758208036423
18,/home/featurize/work/USCT_repro/USCT_download/c5_wavefield_data/smoke8src_train20_val5/train/train_19.npz,5,83,396,0.342369943857193,0.10122920572757721
18,/home/featurize/work/USCT_repro/USCT_download/c5_wavefield_data/smoke8src_train20_val5/train/train_19.npz,6,19,236,0.34751036763191223,0.10086549818515778
18,/home/featurize/work/USCT_repro/USCT_download/c5_wavefield_data/smoke8src_train20_val5/train/train_19.npz,7,84,84,0.3395966589450836,0.09712417423725128
19,/home/featurize/work/USCT_repro/USCT_download/c5_wavefield_data/smoke8src_train20_val5/train/train_20.npz,0,246,19,0.3733372986316681,0.12516912817955017
19,/home/featurize/work/USCT_repro/USCT_download/c5_wavefield_data/smoke8src_train20_val5/train/train_20.npz,1,398,85,0.36163556575775146,0.13525761663913727
19,/home/featurize/work/USCT_repro/USCT_download/c5_wavefield_data/smoke8src_train20_val5/train/train_20.npz,2,461,245,0.40083420276641846,0.13101248443126678
19,/home/featurize/work/USCT_repro/USCT_download/c5_wavefield_data/smoke8src_train20_val5/train/train_20.npz,3,395,397,0.4087313413619995,0.13798797130584717
19,/home/featurize/work/USCT_repro/USCT_download/c5_wavefield_data/smoke8src_train20_val5/train/train_20.npz,4,235,461,0.33579665422439575,0.09906008839607239
19,/home/featurize/work/USCT_repro/USCT_download/c5_wavefield_data/smoke8src_train20_val5/train/train_20.npz,5,83,396,0.33395931124687195,0.1038581058382988
19,/home/featurize/work/USCT_repro/USCT_download/c5_wavefield_data/smoke8src_train20_val5/train/train_20.npz,6,19,236,0.38186269998550415,0.12290570139884949
19,/home/featurize/work/USCT_repro/USCT_download/c5_wavefield_data/smoke8src_train20_val5/train/train_20.npz,7,84,84,0.34930258989334106,0.12231872230768204
