test_id,gt256_max_abs,gt256_rrmse,gt480_bilinear_rrmse,hint_mse256,pred_mse256,mse_gain_frac,hint_mae256,pred_mae256,pred_clip_fraction,source_file
1,0.0,0.0,0.0,241.6038719556534,245.78304503163872,-0.017297624587541343,5.367391465231776,7.715762320905924,0.0,/home/featurize/datasets/90024ebe-ceca-4e0d-aab7-55f496b4b5f5/test/test_11.mat
2,0.0,0.0,0.0,273.8350047275155,246.04985243148894,0.10146676581277327,5.290471540763974,6.713279414921999,0.0,/home/featurize/datasets/90024ebe-ceca-4e0d-aab7-55f496b4b5f5/test/test_12.mat
3,0.0,0.0,0.0,226.21720321267344,196.3643453752186,0.13196546245596172,4.555836824700236,5.829021958634257,0.0,/home/featurize/datasets/90024ebe-ceca-4e0d-aab7-55f496b4b5f5/test/test_13.mat
4,0.0,0.0,0.0,279.56526673152143,261.90034234007203,0.06318712119704673,5.918927351012826,7.71866394393146,0.0,/home/featurize/datasets/90024ebe-ceca-4e0d-aab7-55f496b4b5f5/test/test_14.mat
5,0.0,0.0,0.0,135.0592021455309,117.05502840815075,0.13330579073005258,3.89349926635623,4.244501003995538,0.0,/home/featurize/datasets/90024ebe-ceca-4e0d-aab7-55f496b4b5f5/test/test_15.mat
6,0.0,0.0,0.0,87.30409357636154,76.14646459634855,0.12780189934912628,2.9228343702852726,3.50664203800261,0.0,/home/featurize/datasets/90024ebe-ceca-4e0d-aab7-55f496b4b5f5/test/test_16.mat
7,0.0,0.0,0.0,56.83616111032052,76.48534201553093,-0.3457161870427962,2.276300299912691,3.946941964328289,0.0,/home/featurize/datasets/90024ebe-ceca-4e0d-aab7-55f496b4b5f5/test/test_17.mat
8,0.0,0.0,0.0,78.16588092241977,80.19426018848503,-0.025949675768106726,2.743096588179469,3.5850396808236837,0.0,/home/featurize/datasets/90024ebe-ceca-4e0d-aab7-55f496b4b5f5/test/test_18.mat
9,0.0,0.0,0.0,248.56776898508156,270.2092253229969,-0.08706461190152975,5.40091966278851,8.10710614360869,0.0,/home/featurize/datasets/90024ebe-ceca-4e0d-aab7-55f496b4b5f5/test/test_19.mat
10,0.0,0.0,0.0,211.68500289764165,212.06357613942987,-0.001788380077030167,4.792914981022477,7.05611058883369,0.0,/home/featurize/datasets/90024ebe-ceca-4e0d-aab7-55f496b4b5f5/test/test_20.mat
