formal_val_id,original_split,original_index,raw_file,formal_processed_mse,field,transform,resize,mse,mae,raw_min,raw_max
1,breast_train,4605,test_1.mat,9.378958424111065e-18,slice,transpose,bilinear,1.2176315067335963e-08,8.457154035568237e-05,1424.6143798828125,1554.3983154296875
2,breast_train,3774,test_2.mat,7.507309259796518e-18,slice,transpose,bilinear,1.264811544388067e-08,8.824653923511505e-05,1430.1650390625,1556.3328857421875
3,breast_train,5046,test_3.mat,9.327527642344968e-18,slice,transpose,bilinear,1.2256350601091981e-08,8.496642112731934e-05,1430.7060546875,1559.7037353515625
4,breast_train,5488,test_4.mat,1.591773431237843e-18,slice,transpose,bilinear,1.2653117664740421e-08,8.82912427186966e-05,1444.80126953125,1563.199462890625
5,breast_train,3591,test_5.mat,1.0098780092141448e-17,slice,transpose,bilinear,1.2322061593295075e-08,8.568353950977325e-05,1429.5701904296875,1557.790771484375
6,breast_train,5108,test_6.mat,9.072908214911345e-18,slice,transpose,bilinear,1.2355712897260673e-08,8.560158312320709e-05,1430.3717041015625,1558.55859375
7,breast_train,2169,test_7.mat,7.389549346251631e-18,slice,transpose,bilinear,1.257853909919504e-08,8.75275582075119e-05,1428.23779296875,1554.1065673828125
8,breast_train,4037,test_8.mat,3.0631368690433327e-18,slice,transpose,bilinear,1.2516466085799038e-08,8.639320731163025e-05,1416.455810546875,1591.340087890625
9,breast_train,88,test_9.mat,9.567703669102802e-18,slice,transpose,bilinear,1.2262034942978062e-08,8.51508229970932e-05,1426.5462646484375,1560.3304443359375
10,breast_train,512,test_10.mat,3.6913207804781e-18,slice,transpose,bilinear,1.2690179573837668e-08,8.834153413772583e-05,1437.9189453125,1563.6239013671875
11,breast_train,791,test_11.mat,7.115447333850547e-18,slice,transpose,bilinear,1.2507598512456752e-08,8.712150156497955e-05,1428.411376953125,1555.9412841796875
12,breast_train,2711,test_12.mat,8.005988326963911e-18,slice,transpose,bilinear,1.2573991625686176e-08,8.75573605298996e-05,1430.111328125,1555.7884521484375
13,breast_train,6290,test_13.mat,8.95822375888393e-18,slice,transpose,bilinear,1.2546706784632988e-08,8.741579949855804e-05,1429.6923828125,1558.574462890625
14,breast_train,2917,test_14.mat,7.03858902005457e-18,slice,transpose,bilinear,1.2682221495197155e-08,8.843652904033661e-05,1425.9273681640625,1557.783935546875
15,breast_train,3381,test_15.mat,4.649144644616528e-18,slice,transpose,bilinear,1.2429154594428837e-08,8.625909686088562e-05,1413.0966796875,1559.3037109375
16,breast_train,2452,test_16.mat,2.816868450278892e-18,slice,transpose,bilinear,1.2741338650812395e-08,8.877180516719818e-05,1434.841552734375,1560.9219970703125
17,breast_train,5471,test_17.mat,1.7998523686867823e-18,slice,transpose,bilinear,1.2578993846545927e-08,8.764676749706268e-05,1443.6702880859375,1561.5919189453125
18,breast_train,4015,test_18.mat,2.134894431175873e-18,slice,transpose,bilinear,1.2787722880602814e-08,8.855573832988739e-05,1414.9969482421875,1587.4661865234375
19,breast_train,2510,test_19.mat,4.558456698159277e-18,slice,transpose,bilinear,1.263128979189787e-08,8.792243897914886e-05,1436.03076171875,1563.50732421875
20,breast_train,6415,test_20.mat,7.575929681872079e-18,slice,transpose,bilinear,1.254261405847501e-08,8.753128349781036e-05,1430.0001220703125,1558.2181396484375
