sample,method,step_rms_mps,cosine_to_cbs,J0,J1,relative_change,relative_drop,rr0,rr1,descent,trial_min,trial_max
1,Strat4+4,1.5,0.5068687221424897,0.0725257139355182,0.0335875117255204,-0.5368882303539585,0.5368882303539585,0.1612748354673385,0.1097512617707252,True,1458.513671875,1542.8516845703125
2,Strat4+4,1.5,0.4924093481047126,0.0380157965613756,0.0158304524909489,-0.5835822494106885,0.5835822494106885,0.1167488470673561,0.0753385424613952,True,1457.659912109375,1534.8856201171875
3,Strat4+4,1.5,0.2855976890577714,0.1266433632100068,0.0990600788333075,-0.2178028415982539,0.2178028415982539,0.2132564187049865,0.1886080503463745,True,1438.1026611328125,1534.4219970703125
4,Strat4+4,1.5,0.136909889384308,0.0339840609567421,0.0316902544677353,-0.0674965388017228,0.0674965388017228,0.1105393916368484,0.1067437157034874,True,1432.8240966796875,1539.689453125
5,Strat4+4,1.5,0.4349055250274078,0.1147730822161517,0.0748610977414929,-0.3477469081077103,0.3477469081077103,0.2028085589408874,0.1637926250696182,True,1439.685302734375,1535.36669921875
6,Strat4+4,1.5,0.0874593395231868,0.1791942577946542,0.1707733335329806,-0.0469932706846192,0.0469932706846192,0.2535400688648224,0.2475110292434692,True,1441.3046875,1532.3599853515625
7,Strat4+4,1.5,0.1030412305163475,0.2557658906947428,0.24308936504449,-0.0495630031659782,0.0495630031659782,0.3028601706027984,0.2952594459056854,True,1441.35986328125,1536.27587890625
8,Strat4+4,1.5,0.2057239979688777,0.1836480436806555,0.1608757730674668,-0.1239995273393015,0.1239995273393015,0.2565771341323852,0.2401431202888488,True,1440.1585693359375,1535.00048828125
9,Strat4+4,1.5,0.1086362854429366,0.2373187562090729,0.2246154564206275,-0.0535284272990798,0.0535284272990798,0.2917134165763855,0.2837985455989837,True,1441.725830078125,1539.19189453125
10,Strat4+4,1.5,0.3092400656500964,0.0066938290249142,0.0062320565652669,-0.0689848004675059,0.0689848004675059,0.0490038618445396,0.04728339985013,True,1435.13134765625,1564.2921142578125
