split,formal_val_id,original_index,oracle_rrmse,inv_mse,inv_rrmse,hp_mse,hp_rrmse,agr_mse,agr_rrmse,stable_mse,stable_rrmse,delta_mse_stable,delta_rrmse_stable,stable_image_improve,stable_physics_improve,quadrant,pgcr_accept,pgcr_mse,pgcr_rrmse
phys-dev10,1,4605,0.0166980916655969,309.243408203125,0.1564834151314407,285.01861572265625,0.1823789773901922,286.9488220214844,0.1763741664600828,293.4300231933594,0.1652126244524418,-15.813385009765625,0.008729209321001102,True,False,image_only,False,309.243408203125,0.1564834151314407
phys-dev10,2,3774,0.0119461795522994,22.295942306518555,0.0512412743120731,23.387407302856445,0.0715692633872579,22.80892562866211,0.0626517348289314,21.88457298278809,0.044961524889792,-0.4113693237304652,-0.0062797494222811,True,True,both_improve,True,21.88457298278809,0.044961524889792
phys-dev10,3,5046,0.0138662314313894,38.60182189941406,0.0592086151317808,40.67794418334961,0.0919420641290167,39.64908599853516,0.0814185434502551,38.0184326171875,0.0609277012595832,-0.5833892822265625,0.0017190861278024022,True,False,image_only,False,38.60182189941406,0.0592086151317808
phys-dev10,4,5488,0.0087590840315535,12.625639915466309,0.0313652176517653,12.93996238708496,0.0352870128724559,12.794405937194824,0.0336445532368881,12.553062438964844,0.03198731616622,-0.07257747650146484,0.0006220985144546956,True,False,image_only,False,12.625639915466309,0.0313652176517653
phys-dev10,5,3591,0.0146051416184673,40.7203254699707,0.0796729847687753,41.57332992553711,0.095581749433256,40.74864196777344,0.0837331899327189,39.62456130981445,0.0655042066866785,-1.09576416015625,-0.014168778082096795,True,True,both_improve,True,39.62456130981445,0.0655042066866785
phys-dev10,6,5108,0.0134445087081818,42.79571914672852,0.0658469194419947,44.77325820922852,0.0886815528586066,43.78335189819336,0.0800784127404712,42.24308776855469,0.0638391798757887,-0.5526313781738352,-0.0020077395662059933,True,True,both_improve,True,42.24308776855469,0.0638391798757887
phys-dev10,7,2169,0.0145133287894426,42.095245361328125,0.0579107798489327,42.64463806152344,0.0706037124296295,41.97624588012695,0.064806489950413,41.06403350830078,0.0546740573693993,-1.0312118530273438,-0.0032367224795333965,True,True,both_improve,True,41.06403350830078,0.0546740573693993
phys-dev10,8,4037,0.012454436268232,160.62132263183594,0.1274204998945935,147.72506713867188,0.1133623563197192,148.70816040039062,0.1143899455612422,152.27565002441406,0.1186433853485363,-8.345672607421875,-0.008777114546057202,True,True,both_improve,True,152.27565002441406,0.1186433853485363
phys-dev10,9,88,0.016712386151208,60.74686813354492,0.076431055105611,62.3283576965332,0.1065172540708836,61.056640625,0.0958079189425335,59.25555419921875,0.076739997599941,-1.4913139343261719,0.0003089424943300001,True,False,image_only,False,60.74686813354492,0.076431055105611
phys-dev10,10,512,0.0112812435357181,21.125436782836918,0.0427849629819372,22.009262084960938,0.0421643184825752,21.687849044799805,0.0424009362857316,21.139448165893555,0.0418746289415479,0.014011383056637072,-0.0009103340403893018,False,True,physics_only,True,21.139448165893555,0.0418746289415479
phys-heldout10,11,791,0.0126129015803447,120.26995086669922,0.1003448165292711,111.20122528076172,0.1026220071126169,111.8242645263672,0.0998904204708127,114.24427795410156,0.0958989564621297,-6.025672912597656,-0.0044458600671413995,True,True,both_improve,True,114.24427795410156,0.0958989564621297
phys-heldout10,12,2711,0.0130116078762607,40.53304290771485,0.059870505898949,40.81495666503906,0.0685980824056184,40.31813049316406,0.0635444116593281,39.66365814208984,0.054966685531794,-0.8693847656250142,-0.004903820367155004,True,True,both_improve,True,39.66365814208984,0.054966685531794
phys-heldout10,13,6290,0.0131587773274995,52.442325592041016,0.0780990533929102,51.61748504638672,0.0996281605476543,51.21847915649414,0.0919530478662802,50.89472579956055,0.0778004920100869,-1.5475997924804688,-0.0002985613828233036,True,True,both_improve,True,50.89472579956055,0.0778004920100869
phys-heldout10,14,2917,0.0119539692433313,63.07936477661133,0.0687990665617436,61.1388053894043,0.0770025854779983,61.006103515625,0.0735564101877082,61.25516891479492,0.0671660626463585,-1.8241958618164062,-0.001633003915385109,True,True,both_improve,True,61.25516891479492,0.0671660626463585
phys-heldout10,15,3381,0.0132822886578567,53.12166213989258,0.0664740907302129,54.62797164916992,0.0709871603007235,53.640403747558594,0.069661759620242,52.2529411315918,0.0677870284756346,-0.8687210083007812,0.0013129377454216967,True,False,image_only,False,53.12166213989258,0.0664740907302129
phys-heldout10,16,2452,0.0111694728480798,25.64665412902832,0.0437997384567681,25.621307373046875,0.0424678058813218,25.3778133392334,0.042293459852403,25.141407012939453,0.0421344537128336,-0.5052471160888672,-0.0016652847439345003,True,True,both_improve,True,25.141407012939453,0.0421344537128336
phys-heldout10,17,5471,0.0096945616210059,30.89913749694824,0.0541219329852016,31.08114242553711,0.0604223398807623,30.878433227539062,0.0584747364845276,30.688087463378903,0.0558900716789547,-0.21105003356933594,0.001768138693753099,True,False,image_only,False,30.89913749694824,0.0541219329852016
phys-heldout10,18,4015,0.0114946236485646,88.74405670166016,0.0938431550278788,84.59761810302734,0.0810205913262734,84.7543716430664,0.0822487739040508,85.96697998046875,0.0868951558767149,-2.7770767211914062,-0.006947999151163897,True,True,both_improve,True,85.96697998046875,0.0868951558767149
phys-heldout10,19,2510,0.0106701559878774,57.09357833862305,0.0715834784930217,52.66480255126953,0.0702805832490432,53.01382064819336,0.0704269874339914,54.32574844360352,0.0703992486460311,-2.767829895019524,-0.0011842298469905976,True,True,both_improve,True,54.32574844360352,0.0703992486460311
phys-heldout10,20,6415,0.0128579516081262,30.72089958190918,0.0617442817715719,31.24876976013184,0.0789483999730115,30.654714584350582,0.0694833910457741,29.833759307861328,0.052407286028499,-0.8871402740478516,-0.009336995743072903,True,True,both_improve,True,29.833759307861328,0.052407286028499
