sample,attempt,step_mps,J0,J1,relative_drop,rr0,rr1,accepted,trial_seconds,method
11,0,1.5,0.08589739403970376,0.05702524333428016,0.33612370931856467,0.1754647046327591,0.14296618103981018,True,0.06420252499992785,C4+TGRA
12,0,1.5,0.07432580876633671,0.038895915876887344,0.4766835837714571,0.16339203715324402,0.11819878965616226,True,0.063627782000367,C4+TGRA
13,0,1.5,0.047794842499681134,0.024314460649643266,0.4912743848919372,0.13097316026687622,0.09341661632061005,True,0.06426629499992487,C4+TGRA
14,0,1.5,0.06766642533422085,0.042406432454832554,0.37330171875672574,0.1558290421962738,0.12336093187332153,True,0.06401739100010673,C4+TGRA
15,0,1.5,0.06715648322432366,0.023413841158566484,0.6513539715836976,0.15519531071186066,0.091637022793293,True,0.06416689399975439,C4+TGRA
16,0,1.5,0.03158819446627448,0.011095489454483687,0.6487456899022854,0.10645373165607452,0.06309162825345993,True,0.06363690599982874,C4+TGRA
17,0,1.5,0.02987788436612543,0.010523079476850383,0.6477970344921373,0.10357064008712769,0.06146575137972832,True,0.0638467000003402,C4+TGRA
18,0,1.5,0.044461253483950136,0.017000836726435153,0.617625788877675,0.12632979452610016,0.07811781764030457,True,0.06380498699991222,C4+TGRA
19,0,1.5,0.09015772435976666,0.08392535647170263,0.06912738683592211,0.17991213500499725,0.17358236014842987,True,0.06363958299971273,C4+TGRA
20,0,1.5,0.06778195113592211,0.07319369029708866,-0.07984041578139987,0.15600109100341797,0.16210909187793732,False,0.06365247399980944,C4+TGRA
20,1,0.75,0.06778195113592211,0.06789878842657693,-0.0017237227417741673,0.15600109100341797,0.1561354547739029,False,0.06342679799990947,C4+TGRA
20,2,0.375,0.06778195113592211,0.06718289629104568,0.008837969914367893,0.15600109100341797,0.15531018376350403,True,0.06384801300009713,C4+TGRA
