sample,method,mse,mae,psnr,ssim,measurement_J,measurement_rr,physics_accepted,physics_drop,physics_step_mps,physics_trial_evals,true_source_equiv_core,cc_nfe,cc_seconds,physics_seconds,method_core_seconds,evaluation_seconds,terminal_J_audit_relerr,MSE_gain_vs_C4,MAE_gain_vs_C4
11,Hint,241.6038719556534,5.367391465231776,22.40403832081703,0.8147838205649662,0.11100403755192112,0.19946612417697906,True,0.0,0.0,0,0,0,0.0,0.0,0.0,0.09576170099990122,,,
11,C4-only,245.78207120688103,7.715764869004488,22.329575224052718,0.782780119407589,0.08589739403970376,0.1754647046327591,True,0.0,0.0,0,0,2,0.07850470799985487,0.0,0.07850470799985487,0.06390137600010348,,,
11,C4+TExact,241.3300803171726,7.911275302991271,22.408962646802525,0.7613464615853707,0.03296274194780047,0.10869546979665756,True,0.616254458982023,1.5,1,64,2,0.07850470799985487,0.6883989829998427,0.7669036909996976,0.06304339200005415,0.0,0.0181135705621143,-0.025339086572243926
11,C4+TGRA,242.82531768213698,7.93087206594646,22.382137565269705,0.7622700947027441,0.05702524333428016,0.14296618103981018,True,0.33612370931856467,1.5,1,16,2,0.07850470799985487,2.373401437999746,2.451906145999601,0.06388102500022796,0.0,0.012029980503562727,-0.0278789207024819
12,Hint,273.8350047275155,5.290471540763974,21.860187582686535,0.8243041342169423,0.1215216283174221,0.20892374217510223,True,0.0,0.0,0,0,0,0.0,0.0,0.0,0.06377065900005618,,,
12,C4-only,246.05164993928247,6.7133020758628845,22.32481440499493,0.8108123963966919,0.07432580876633671,0.16339203715324402,True,0.0,0.0,0,0,2,0.07829821499944956,0.0,0.07829821499944956,0.06325139899990972,,,
12,C4+TExact,241.24956172483417,7.029031928628683,22.41041189072503,0.7857592026947519,0.026589812194373508,0.09772791713476181,True,0.6422533082961024,1.5,1,64,2,0.07829821499944956,0.6429035569999542,0.7212017719994037,0.06348799599982158,0.0,0.0195165861136607,-0.04703048502777475
12,C4+TGRA,239.07998524709524,6.971333036199212,22.449645017488663,0.787128536425113,0.038895915876887344,0.11819878965616226,True,0.4766835837714571,1.5,1,16,2,0.07829821499944956,2.316220759999851,2.3945189749993006,0.0631407579999177,0.0,0.028334151361747065,-0.03843577384429881
13,Hint,226.21720321267344,4.555836824700236,22.689820933335522,0.8457873445596875,0.08042932946366736,0.16990220546722412,True,0.0,0.0,0,0,0,0.0,0.0,0.0,0.06336430300007123,,,
13,C4-only,196.3648387614055,5.829034814611077,23.304439968020013,0.8321100967100612,0.047794842499681134,0.13097316026687622,True,0.0,0.0,0,0,2,0.07811522500014689,0.0,0.07811522500014689,0.0636804089999714,,,
13,C4+TExact,192.53680152047968,6.139094481244683,23.38993969203588,0.8068595904425282,0.015663550394467762,0.07497852295637131,True,0.672275300529084,1.5,1,64,2,0.07811522500014689,0.6361557509999329,0.7142709760000798,0.0633456450000267,0.0,0.01949451472611707,-0.05319228251243403
13,C4+TGRA,192.45791494782202,6.113733628764749,23.391719456911364,0.8073580152969841,0.024314460649643266,0.09341661632061005,True,0.4912743848919372,1.5,1,16,2,0.07811522500014689,2.312198251999689,2.390313476999836,0.0633188489996428,0.0,0.019896249441737505,-0.048841501759441255
14,Hint,279.56526673152143,5.918927351012826,21.770245085566383,0.8012340925500345,0.11386690083584539,0.2021438479423523,True,0.0,0.0,0,0,0,0.0,0.0,0.0,0.06381901900022058,,,
14,C4-only,261.9008817404326,7.718689305707812,22.05370761546682,0.7732292659838722,0.06766642533422085,0.1558290421962738,True,0.0,0.0,0,0,2,0.07958894199964561,0.0,0.07958894199964561,0.06396674200004782,,,
14,C4+TExact,256.635500912761,7.9208402298390865,22.141909890746483,0.7521942334065194,0.02439678226820341,0.09356814622879028,True,0.6394551338022986,1.5,1,64,2,0.07958894199964561,0.6407204110000748,0.7203093529997204,0.06334968300006949,0.0,0.020104479193354046,-0.026189799346086874
14,C4+TGRA,258.1797753458634,7.943504823371768,22.11585503544815,0.7525937315243266,0.042406432454832554,0.12336093187332153,True,0.37330171875672574,1.5,1,16,2,0.07958894199964561,2.3219351350003308,2.4015240769999764,0.06339946900016002,0.0,0.014208071274296758,-0.029126126050663708
15,Hint,135.0592021455309,3.89349926635623,24.929835422894413,0.8230827851323775,0.040239793850124994,0.12013305723667145,True,0.0,0.0,0,0,0,0.0,0.0,0.0,0.0633786900002633,,,
15,C4-only,117.05548662711863,4.244512259960175,25.551159473421087,0.8233178057432561,0.06715648322432366,0.15519531071186066,True,0.0,0.0,0,0,2,0.0790606610003124,0.0,0.0790606610003124,0.06309714699955293,,,
15,C4+TExact,111.82378197741605,4.517345326021314,25.749735457239385,0.804998468591619,0.020284371104645427,0.08529339730739594,True,0.6979536430326573,1.5,1,64,2,0.0790606610003124,0.6408035409999684,0.7198642020002808,0.06335342400006994,0.0,0.04469422835657609,-0.06427901472563989
15,C4+TGRA,110.94632474225273,4.5026316456496716,25.78394801939121,0.8064877867043005,0.023413841158566484,0.091637022793293,True,0.6513539715836976,1.5,1,16,2,0.0790606610003124,2.3314391349999823,2.4104997960002947,0.06350261200032037,0.0,0.05219030786934996,-0.06081249620231251
16,Hint,87.30409357636154,2.9228343702852726,26.824731144203188,0.860628146337201,0.026836917595611992,0.09812164306640625,True,0.0,0.0,0,0,0,0.0,0.0,0.0,0.06373400400025275,,,
16,C4-only,76.1467009841333,3.506654219701886,27.418566296124297,0.8581757170113319,0.03158819446627448,0.10645373165607452,True,0.0,0.0,0,0,2,0.09047208399988449,0.0,0.09047208399988449,0.06379965199994331,,,
16,C4+TExact,73.03607796820347,3.854171374812722,27.59970278539541,0.8396168296827263,0.011853543232049013,0.06521125882863998,True,0.6247476808240942,1.5,1,64,2,0.09047208399988449,0.6395694469997579,0.7300415309996424,0.0636955139998463,0.0,0.04085039766303195,-0.09910220208149857
16,C4+TGRA,72.68154701787353,3.8414003401994705,27.620835594719956,0.8385850622038088,0.011095489454483687,0.06309162825345993,True,0.6487456899022854,1.5,1,16,2,0.09047208399988449,2.3341532179997557,2.42462530199964,0.06394451300002402,0.0,0.04550629142793476,-0.09546025913157824
17,Hint,56.83616111032052,2.276300299912691,28.688829854547283,0.893758016200724,0.02783502418233784,0.09996720403432846,True,0.0,0.0,0,0,0,0.0,0.0,0.0,0.06366257999980007,,,
17,C4-only,76.48541840245184,3.94693392328918,27.399290753365197,0.8577853997525078,0.02987788436612543,0.10357064008712769,True,0.0,0.0,0,0,2,0.07848508899996887,0.0,0.07848508899996887,0.06446760600010748,,,
17,C4+TExact,73.15382094484698,4.231515610590577,27.592707071399268,0.8364212120930961,0.007653428114574812,0.05241912230849266,True,0.7438430371846536,1.5,1,64,2,0.07848508899996887,0.6375546329995814,0.7160397219995502,0.06404529700012063,0.0,0.04355859622908278,-0.07210196391234262
17,C4+TGRA,74.36250936679562,4.214313812553883,27.52153685474202,0.8341167091171996,0.010523079476850383,0.06146575137972832,True,0.6477970344921373,1.5,1,16,2,0.07848508899996887,2.316778867999801,2.39526395699977,0.06349865899983342,0.0,0.027755735406791843,-0.06774369534970112
18,Hint,78.16588092241977,2.743096588179469,27.30490495401891,0.8767711669490081,0.03190381745274318,0.10701293498277664,True,0.0,0.0,0,0,0,0.0,0.0,0.0,0.06340586600026654,,,
18,C4-only,80.19428207806209,3.5850318614393473,27.193643182970813,0.8627428733305804,0.044461253483950136,0.12632979452610016,True,0.0,0.0,0,0,2,0.07928793700011738,0.0,0.07928793700011738,0.06384920800019245,,,
18,C4+TExact,76.65207166403411,3.9044615123420954,27.38983825150729,0.8432208104397081,0.015062816466404616,0.07353058457374573,True,0.6612147592320564,1.5,1,64,2,0.07928793700011738,0.6453924749998805,0.7246804119999979,0.06333122499972887,0.0,0.04417036130555975,-0.08910092385469091
18,C4+TGRA,76.80191358388856,3.9061722718179226,27.381356811350734,0.8411086532366092,0.017000836726435153,0.07811781764030457,True,0.617625788877675,1.5,1,16,2,0.07928793700011738,2.298866155000269,2.3781540920003863,0.0634181800000988,0.0,0.04230187497496831,-0.08957811890956006
19,Hint,248.56776898508156,5.40091966278851,22.280629077793684,0.8270275961903631,0.06390077000151342,0.15146490931510925,True,0.0,0.0,0,0,0,0.0,0.0,0.0,0.06350169000006645,,,
19,C4-only,270.2084360306269,8.107080416753888,21.918088183420092,0.7808870475571824,0.09015772435976666,0.17991213500499725,True,0.0,0.0,0,0,2,0.09185205699986909,0.0,0.09185205699986909,0.06354645100009293,,,
19,C4+TExact,264.92337942307495,8.221088703721762,22.0038743574182,0.7611446845559748,0.031885512467310306,0.10699307918548584,True,0.6463363212221961,1.5,1,64,2,0.09185205699986909,0.6399746500001129,0.731826706999982,0.06364583899994614,0.0,0.019559184328919003,-0.014062804500158519
19,C4+TGRA,269.6368013357669,8.483557384461164,21.927285555898134,0.7537842548297192,0.08392535647170263,0.17358236014842987,True,0.06912738683592211,1.5,1,16,2,0.09185205699986909,2.2971820459997616,2.3890341029996307,0.06347357799995734,0.0,0.002115532376624994,-0.04643804530781001
20,Hint,211.68500289764165,4.792914981022477,22.978176311658327,0.836711821208627,0.07090040069940284,0.1595492959022522,True,0.0,0.0,0,0,0,0.0,0.0,0.0,0.06337886199980858,,,
20,C4-only,212.06428781936074,7.056092720478773,22.97040183763942,0.81125844737857,0.06778195113592211,0.15600109100341797,True,0.0,0.0,0,0,2,0.07789631000014197,0.0,0.07789631000014197,0.06319704799989267,,,
20,C4+TExact,208.3014451774609,7.175159877166152,23.048154390556522,0.791000349513811,0.020394250219351484,0.0855705663561821,True,0.6991197527132967,1.5,1,64,2,0.07789631000014197,0.6353195789997699,0.7132158889999118,0.06366707200004385,0.0,0.017743877012923046,-0.01687437529580817
20,C4+TGRA,212.66834151434523,7.080056622624397,22.95804877854959,0.8105248408550352,0.06718289629104568,0.15531018376350403,True,0.008837969914367893,0.375,3,32,2,0.07789631000014197,2.4053111180000997,2.4832074280002416,0.06298012800016295,0.0,-0.00284844610658362,-0.0033962000068499883
