sample,method,J_C4,J_terminal,relative_drop_vs_C4,accepted,accepted_step_mps,num_trial_evals,true_source_equiv_core,MSE_C4,MSE_terminal,MSE_gain_vs_C4,SSIM_C4,SSIM_terminal
11,C4+TExact,0.08589739403970376,0.03296274194780047,0.616254458982023,True,1.5,1,64,245.78207120688103,241.3300803171726,0.0181135705621143,0.782780119407589,0.7613464615853707
11,C4+TGRA,0.08589739403970376,0.05702524333428016,0.33612370931856467,True,1.5,1,16,245.78207120688103,242.82531768213698,0.012029980503562727,0.782780119407589,0.7622700947027441
12,C4+TExact,0.07432580876633671,0.026589812194373508,0.6422533082961024,True,1.5,1,64,246.05164993928247,241.24956172483417,0.0195165861136607,0.8108123963966919,0.7857592026947519
12,C4+TGRA,0.07432580876633671,0.038895915876887344,0.4766835837714571,True,1.5,1,16,246.05164993928247,239.07998524709524,0.028334151361747065,0.8108123963966919,0.787128536425113
13,C4+TExact,0.047794842499681134,0.015663550394467762,0.672275300529084,True,1.5,1,64,196.3648387614055,192.53680152047968,0.01949451472611707,0.8321100967100612,0.8068595904425282
13,C4+TGRA,0.047794842499681134,0.024314460649643266,0.4912743848919372,True,1.5,1,16,196.3648387614055,192.45791494782202,0.019896249441737505,0.8321100967100612,0.8073580152969841
14,C4+TExact,0.06766642533422085,0.02439678226820341,0.6394551338022986,True,1.5,1,64,261.9008817404326,256.635500912761,0.020104479193354046,0.7732292659838722,0.7521942334065194
14,C4+TGRA,0.06766642533422085,0.042406432454832554,0.37330171875672574,True,1.5,1,16,261.9008817404326,258.1797753458634,0.014208071274296758,0.7732292659838722,0.7525937315243266
15,C4+TExact,0.06715648322432366,0.020284371104645427,0.6979536430326573,True,1.5,1,64,117.05548662711863,111.82378197741605,0.04469422835657609,0.8233178057432561,0.804998468591619
15,C4+TGRA,0.06715648322432366,0.023413841158566484,0.6513539715836976,True,1.5,1,16,117.05548662711863,110.94632474225273,0.05219030786934996,0.8233178057432561,0.8064877867043005
16,C4+TExact,0.03158819446627448,0.011853543232049013,0.6247476808240942,True,1.5,1,64,76.1467009841333,73.03607796820347,0.04085039766303195,0.8581757170113319,0.8396168296827263
16,C4+TGRA,0.03158819446627448,0.011095489454483687,0.6487456899022854,True,1.5,1,16,76.1467009841333,72.68154701787353,0.04550629142793476,0.8581757170113319,0.8385850622038088
17,C4+TExact,0.02987788436612543,0.007653428114574812,0.7438430371846536,True,1.5,1,64,76.48541840245184,73.15382094484698,0.04355859622908278,0.8577853997525078,0.8364212120930961
17,C4+TGRA,0.02987788436612543,0.010523079476850383,0.6477970344921373,True,1.5,1,16,76.48541840245184,74.36250936679562,0.027755735406791843,0.8577853997525078,0.8341167091171996
18,C4+TExact,0.044461253483950136,0.015062816466404616,0.6612147592320564,True,1.5,1,64,80.19428207806209,76.65207166403411,0.04417036130555975,0.8627428733305804,0.8432208104397081
18,C4+TGRA,0.044461253483950136,0.017000836726435153,0.617625788877675,True,1.5,1,16,80.19428207806209,76.80191358388856,0.04230187497496831,0.8627428733305804,0.8411086532366092
19,C4+TExact,0.09015772435976666,0.031885512467310306,0.6463363212221961,True,1.5,1,64,270.2084360306269,264.92337942307495,0.019559184328919003,0.7808870475571824,0.7611446845559748
19,C4+TGRA,0.09015772435976666,0.08392535647170263,0.06912738683592211,True,1.5,1,16,270.2084360306269,269.6368013357669,0.002115532376624994,0.7808870475571824,0.7537842548297192
20,C4+TExact,0.06778195113592211,0.020394250219351484,0.6991197527132967,True,1.5,1,64,212.06428781936074,208.3014451774609,0.017743877012923046,0.81125844737857,0.791000349513811
20,C4+TGRA,0.06778195113592211,0.06718289629104568,0.008837969914367893,True,0.375,3,32,212.06428781936074,212.66834151434523,-0.00284844610658362,0.81125844737857,0.8105248408550352
