sample,array_idx,source_file,gt_identity_rrmse,hint_identity_rrmse,c4_custom_vs_official_rrmse,c4_custom_vs_official_maxabs,align_corners,bridge_rrmse,bridge_mae_mps
11,10,/home/featurize/datasets/90024ebe-ceca-4e0d-aab7-55f496b4b5f5/test/test_11.mat,0.0,0.0,1.4827387928573188e-10,9.313225746154785e-10,False,1.103083491216239e-06,0.001170969009399414
12,11,/home/featurize/datasets/90024ebe-ceca-4e0d-aab7-55f496b4b5f5/test/test_12.mat,0.0,0.0,1.8135461188339974e-10,9.313225746154785e-10,False,1.1284295169389225e-06,0.0011830753750271268
13,12,/home/featurize/datasets/90024ebe-ceca-4e0d-aab7-55f496b4b5f5/test/test_13.mat,0.0,0.0,1.8581691740848783e-10,4.656612873077393e-10,False,1.0937135357380612e-06,0.0011695549223158094
14,13,/home/featurize/datasets/90024ebe-ceca-4e0d-aab7-55f496b4b5f5/test/test_14.mat,0.0,0.0,1.373119257186417e-10,4.656612873077393e-10,False,1.0827239975697012e-06,0.0011649995379977756
15,14,/home/featurize/datasets/90024ebe-ceca-4e0d-aab7-55f496b4b5f5/test/test_15.mat,0.0,0.0,7.946800162361711e-11,4.656612873077393e-10,False,1.0751915624496178e-06,0.001156723764207628
16,15,/home/featurize/datasets/90024ebe-ceca-4e0d-aab7-55f496b4b5f5/test/test_16.mat,0.0,0.0,6.442791439242868e-11,4.656612873077393e-10,False,1.1088104656664655e-06,0.0011771488189697265
17,16,/home/featurize/datasets/90024ebe-ceca-4e0d-aab7-55f496b4b5f5/test/test_17.mat,0.0,0.0,7.389434203419754e-11,4.656612873077393e-10,False,1.0687441545087495e-06,0.001165679825676812
18,17,/home/featurize/datasets/90024ebe-ceca-4e0d-aab7-55f496b4b5f5/test/test_18.mat,0.0,0.0,8.39898151028251e-11,4.656612873077393e-10,False,1.030341763907927e-06,0.0011386966705322266
19,18,/home/featurize/datasets/90024ebe-ceca-4e0d-aab7-55f496b4b5f5/test/test_19.mat,0.0,0.0,3.8147863340443067e-11,4.656612873077393e-10,False,1.1472258165667881e-06,0.0011918714311387804
20,19,/home/featurize/datasets/90024ebe-ceca-4e0d-aab7-55f496b4b5f5/test/test_20.mat,0.0,0.0,3.840706225277657e-11,4.656612873077393e-10,False,1.1150027603434864e-06,0.0011670223871866861
