step,loss,lr,full_mean,full_std,full_max,rec_mean,rec_std,rec_max
1,0.6021396964788437,0.0009999993893183533,0.9785451218485832,0.010621542064395757,1.000839352607727,1.1231582760810852,0.009509602393302704,1.1379624605178833
25,0.18733280152082443,0.0009996183729391577,0.6062618494033813,0.023196434544369125,0.6459301710128784,0.21969379112124443,0.009999551953398063,0.23057745397090912
50,0.11753171496093273,0.0009984740801978979,0.48058734461665154,0.015158419870276836,0.50279700756073,0.28730515763163567,0.007223747659810483,0.2975303828716278
75,0.06933649443089962,0.0009965688861926878,0.36723220720887184,0.014121287071313328,0.385410338640213,0.2509725112468004,0.007737583388162131,0.265354186296463
100,0.026281361002475023,0.0009939057285945924,0.22377477400004864,0.010821627665284122,0.23667268455028534,0.20246224850416183,0.006945442094330608,0.21429865062236786
125,0.008956235833466053,0.0009904887137995985,0.13154718093574047,0.008361840192342923,0.14630725979804993,0.14424074441194534,0.007186180663640646,0.1536775678396225
150,0.005183039349503815,0.0009863231105968495,0.10076561104506254,0.008088631489473672,0.1142883375287056,0.0769325066357851,0.007092665620129559,0.08568732440471649
175,0.003927839105017483,0.0009814153420445535,0.08807084523141384,0.0070515269594097684,0.10006143897771835,0.04882488353177905,0.006137657511819096,0.05655549839138985
200,0.00321288185659796,0.0009757729755660976,0.07966288831084967,0.005937932251713271,0.09037062525749207,0.03847523918375373,0.004494959596309948,0.04430234804749489
225,0.0027670764247886837,0.0009694047112816265,0.0742102786898613,0.004927254268791807,0.08378440886735916,0.03368173260241747,0.0038221646605862206,0.03992997854948044
250,0.002430054999422282,0.0009623203685930837,0.06952931359410286,0.004294031302783875,0.07848872989416122,0.02849336783401668,0.0030271755431076175,0.03387870267033577
275,0.0021938937134109437,0.0009545308710434119,0.06566897919401526,0.0038481818588510584,0.07404971867799759,0.026716104010120034,0.0030821785839489756,0.03268979489803314
300,0.0019105893443338573,0.0009460482294732386,0.06154285930097103,0.003641367476477848,0.0697241947054863,0.024970219703391194,0.003008182512555087,0.03145787492394447
325,0.001871689222753048,0.000936885523501031,0.0635442566126585,0.0032581137836089603,0.07093740999698639,0.02238342398777604,0.002519840408066044,0.028181923553347588
350,0.001603321812581271,0.0009270568813552716,0.05665411241352558,0.0033450357249420596,0.06433113664388657,0.02173391147516668,0.0029810769933183963,0.028613822534680367
375,0.0014955582737457007,0.0009165774580897558,0.05460347840562463,0.0032466689154889324,0.062049467116594315,0.019826503936201334,0.002852462930955138,0.026449400931596756
400,0.0014421399682760239,0.0009054634122155949,0.05370294442400336,0.0031299307404871976,0.060844313353300095,0.02065279893577099,0.0032799897012637086,0.028298400342464447
425,0.0013273502700030804,0.0008937318807859649,0.05201172083616257,0.0030450756905243855,0.058904316276311874,0.018086926895193756,0.002891663186944081,0.024794578552246094
450,0.001289916574023664,0.0008814009529720117,0.04982118122279644,0.0030117479139793028,0.056619491428136826,0.017608299618586898,0.0030967000071774288,0.024838687852025032
475,0.0011708935198839754,0.0008684896421706609,0.04835977777838707,0.0029473811135685025,0.05495866760611534,0.017299436731263995,0.003145779731387162,0.024576371535658836
500,0.0011340262717567384,0.0008550178566873373,0.04756013723090291,0.002843644198362737,0.05383167043328285,0.016674303682520986,0.0030927685136735252,0.02378653734922409
525,0.0010796175338327885,0.0008410063690388028,0.046550044789910316,0.002791523749061729,0.05268581956624985,0.016142854001373053,0.0030479438832020284,0.023160409182310104
550,0.0010360762535128742,0.0008264767839234378,0.045540787279605865,0.0027336163922599328,0.051478173583745956,0.016470849746838212,0.003175287764636541,0.02376570925116539
575,0.0009771499899215996,0.0008114515049083647,0.044112926349043846,0.0026971633221943114,0.04993858560919762,0.01539127784781158,0.0029640573933071026,0.02211511880159378
600,0.0009478992724325508,0.0007959536998847712,0.043354486115276814,0.002625680078439916,0.048962824046611786,0.015433065709657967,0.00302592507910346,0.02232266217470169
625,0.0009453889651922509,0.0007800072653447004,0.04319467255845666,0.0025348325115415855,0.04855697229504585,0.0146083845756948,0.002859351612057036,0.021076198667287827
650,0.0008836911874823272,0.0007636367895343917,0.042047073133289814,0.002497029159943938,0.04726170748472214,0.013991363230161369,0.002717807486756324,0.02005705237388611
675,0.000884511522599496,0.00074686751454099,0.04188740672543645,0.0024162581511928977,0.046863194555044174,0.013790140976198018,0.0026814107769669695,0.019812121987342834
700,0.0008536847017239779,0.0007297252973710725,0.04125543450936675,0.0023381030453660345,0.0459764190018177,0.014469387126155198,0.0027757854091546076,0.020578693598508835
725,0.0007919935887912288,0.0007122365700810239,0.0397267802618444,0.002322257771081788,0.04440651461482048,0.01334288576617837,0.002645849781743438,0.01924743317067623
750,0.0007866338710300624,0.0006944282990207167,0.039745764806866646,0.00223759334219612,0.04418542981147766,0.01278539514169097,0.0023697219115323045,0.017972929403185844
775,0.0007647615420864895,0.0006763279432533566,0.039116020780056715,0.0021635240277667863,0.04332766681909561,0.013216082938015461,0.0024764702484695775,0.01870865747332573
800,0.0007490487478207797,0.0006579634122155964,0.038708971813321114,0.0021146259581959637,0.04277390241622925,0.01353877515066415,0.0025309471466028874,0.019076189026236534
825,0.0007161083485698327,0.0006393630226832091,0.03786608995869756,0.0020610304561634587,0.04176372289657593,0.012406627996824682,0.002329866861502381,0.017491819337010384
850,0.0006929024821147323,0.0006205554551086706,0.03718209033831954,0.0020096030279218077,0.0409141480922699,0.012540190946310759,0.0023215304367439037,0.017608238384127617
875,0.000672392372507602,0.000601569709397981,0.03662830963730812,0.0019523632682881507,0.04018712043762207,0.012038138112984598,0.0022331678243206047,0.01678406447172165
900,0.0006555175496032462,0.0005824350601949116,0.036188062746077776,0.001897618854365215,0.03957905247807503,0.011746616801247,0.002178609999584901,0.01647281087934971
925,0.0006417991244234145,0.0005631810117416269,0.03579915314912796,0.0018412617657294517,0.03901638090610504,0.01186973019503057,0.0021272805333454894,0.016438497230410576
950,0.0006322003318928182,0.0005438372523852807,0.03548663156107068,0.0017834947891499572,0.03853689506649971,0.011469443095847964,0.0020764731631269543,0.0158326905220747
975,0.0006154751317808405,0.0005244336088007364,0.035036155954003334,0.0017374244613330297,0.037938300520181656,0.011551272706128657,0.002089252348104334,0.01583835296332836
1000,0.0006006509502185509,0.0005049999999999974,0.034643595572561026,0.0016888337204432689,0.037400100380182266,0.011470048571936786,0.0020456388126295867,0.015761345624923706
1025,0.000587628863286227,0.00048556639119925836,0.03425429668277502,0.0016440780589579563,0.03687192499637604,0.011171125108376145,0.0019367084980556517,0.015170960687100887
1050,0.0005773606098955497,0.00046616274761471406,0.03393767727538943,0.0015984640995875682,0.03641625866293907,0.011079024872742593,0.0019544396653017955,0.01507735624909401
1075,0.0005658831505570561,0.00044681898825836797,0.03362017450854182,0.001556997407938847,0.03597463667392731,0.011057084193453193,0.0018709891678874524,0.014861560426652431
1100,0.0005553155206143856,0.0004275649398050834,0.03330425429157913,0.0015167839932441257,0.035538073629140854,0.01087421947158873,0.0018802634061167289,0.01468129362910986
1125,0.0005469352763611823,0.00040843029060201434,0.033065046882256866,0.0014780918003171955,0.03518109768629074,0.010757166775874794,0.0018709981746819814,0.014639687724411488
1150,0.0005369983191485517,0.0003894445448913246,0.032744964119046926,0.0014428126165020043,0.0347575768828392,0.010572961065918207,0.001749975883420912,0.014083034358918667
1175,0.0005281896883388981,0.0003706369773167862,0.03248399216681719,0.0014093100589943532,0.03439480438828468,0.010627344599924982,0.001780945116806481,0.014274615794420242
1200,0.0005201594176469371,0.00035203658778439924,0.03223675559274852,0.0013770438644133763,0.034053221344947815,0.010392398107796907,0.0017378595075733649,0.013916900381445885
1225,0.0005126066243974492,0.00033367205674663926,0.032003960106521845,0.0013479396608830027,0.03373511880636215,0.010378644336014986,0.0017019131589832187,0.013735032640397549
1250,0.0005055679721408524,0.0003155717009792789,0.031785650411620736,0.0013201954912043365,0.033433739095926285,0.010293331113643944,0.0016607484688936317,0.013552759774029255
1275,0.0004989740264136344,0.0002977634299189716,0.031574918888509274,0.0012939517659413015,0.03314778581261635,0.010218910407274961,0.0016466622811244069,0.01347818598151207
1300,0.0004927991176373325,0.0002802747026289231,0.031381414737552404,0.001269403346528365,0.03288184106349945,0.010177605785429478,0.001639070264698524,0.013417801819741726
1325,0.0004870524790021591,0.00026313248545900607,0.03119790623895824,0.0012468463933055455,0.03263208270072937,0.010110764764249325,0.0016237607612705862,0.013294278644025326
1350,0.00048166016495088115,0.0002463632104656044,0.031023516319692135,0.0012262899366626825,0.0323982872068882,0.010084473819006234,0.0016136782327491155,0.013276741839945316
1375,0.0004766058991663158,0.00022999273465529622,0.030863144202157855,0.001206408241411177,0.03218131884932518,0.009968278231099248,0.001573648755030192,0.01308949664235115
1400,0.00047196157538564876,0.00021404630011522517,0.030713246203958988,0.0011886260794692204,0.03198087587952614,0.010033293219748884,0.0016137310777095798,0.013250618241727352
1425,0.0004676476091844961,0.00019854849509163175,0.03057192754931748,0.0011720829231447593,0.031793080270290375,0.009987394674681127,0.0016406638926525373,0.013328577391803265
1450,0.00046366923197638243,0.00018352321607655866,0.030442241579294205,0.0011572479756031173,0.031620584428310394,0.0097939862171188,0.0015408489761455201,0.012862442061305046
1475,0.0004599783569574356,0.0001689936309611935,0.030322047183290124,0.0011430487651260372,0.03145981952548027,0.009834664466325194,0.0015757159655612905,0.01298059243708849
1500,0.00045659700845135376,0.00015498214331265855,0.03021080489270389,0.0011308878884297973,0.0313139408826828,0.009782057837583125,0.0015357418388443683,0.012700383551418781
1525,0.000453519998700358,0.00014151035782933514,0.030109271174296737,0.0011194439218509267,0.03118084743618965,0.009740171546582133,0.0015377826986813967,0.012730365619063377
1550,0.0004507064149947837,0.0001285990470279843,0.030016900040209293,0.0011090486190203025,0.03105948306620121,0.009623574442230165,0.0014777294381811172,0.012533449567854404
1575,0.0004481534560909495,0.00011626811921403093,0.02993084560148418,0.0010990245642102864,0.03095751814544201,0.009642510383855551,0.0014972490982697137,0.012593952007591724
1600,0.00044585781142814085,0.00010453658778440085,0.029854007763788104,0.0010906320866977727,0.030876588076353073,0.009683499578386545,0.001493031357618589,0.012633058242499828
1625,0.00044376533332979307,9.342254191023988e-05,0.02978491736575961,0.0010832302830342385,0.03080485388636589,0.009620613825973123,0.0015484599980733452,0.0127497473731637
1650,0.00044189762411406264,8.294311864472422e-05,0.029722654726356268,0.001076834294411806,0.030739635229110718,0.009630649001337588,0.001459920569872199,0.012468165718019009
1675,0.0004402218328323215,7.311447649896528e-05,0.02966674161143601,0.0010706999228508641,0.030679522082209587,0.009570796217303723,0.0014628257120958702,0.012440645135939121
1700,0.00043876418931176886,6.395177052675789e-05,0.029617406660690904,0.001064885008201283,0.030628353357315063,0.009511135402135551,0.0014694989948436266,0.01241317205131054
1725,0.00043747176823671907,5.5469128956584804e-05,0.0295742554590106,0.001060587348671018,0.030583884567022324,0.00958810158772394,0.0015171894844224322,0.012701844796538353
1750,0.000436375783465337,4.767963140691307e-05,0.029537314781919122,0.0010562245387013885,0.030542973428964615,0.009611002285964787,0.0014747960544541285,0.01255110651254654
1775,0.000435409921919927,4.059528871837039e-05,0.029505027923732996,0.0010532542245988,0.030511273071169853,0.00954290246590972,0.0014690245552921298,0.012505384162068367
1800,0.0004345837587607093,3.422702443389905e-05,0.02947751246392727,0.0010505550575841411,0.030481185764074326,0.00952616852009669,0.0014699988462978115,0.012436747550964355
1825,0.0004338939834269695,2.8584657955444728e-05,0.02945383731275797,0.0010480264696992147,0.03045615926384926,0.009489327669143677,0.0014993917336229153,0.012564199976623058
1850,0.00043329561594873667,2.3676889403150193e-05,0.02943383506499231,0.0010456458236906387,0.030434628948569298,0.009472127887420356,0.0014534849974201388,0.01237480528652668
1875,0.0004328315335442312,1.9511286200400994e-05,0.029418282210826874,0.0010434524810634888,0.030417943373322487,0.009516194462776184,0.0014721515850028685,0.012445086613297462
1900,0.0004324425390223041,1.60942714054069e-05,0.02940469910390675,0.0010422563783154912,0.03040388412773609,0.009536584722809494,0.0014633985842415615,0.012380535714328289
1925,0.0004320880980230868,1.343111380731151e-05,0.029393336968496442,0.0010410294028606764,0.03039182722568512,0.009461807610932738,0.0014331821364570454,0.012224108912050724
1950,0.0004318018036428839,1.152591980210167e-05,0.029383718967437744,0.0010400705175155542,0.030380966141819954,0.00946056842803955,0.0014299320656449852,0.012191846035420895
1975,0.0004315447949920781,1.0381627060842168e-05,0.029374895617365837,0.0010395060945870603,0.030372044071555138,0.009451351419556886,0.001429882718443764,0.012183934450149536
2000,0.0004313072277000174,1e-05,0.029366624308750033,0.0010385575792559853,0.03036411665380001,0.009448751516174525,0.0014807227565150373,0.012340595945715904
